fielded,month,target_year,level,category,item,pct,n_mentions,n_respondents,moe_pts,source,population,question,url
2024-12-05/2024-12-09,2024-12,2025,category,The economy,The economy,75,918,1251,3.7,AP-NORC,US adults who named at least one problem,"Thinking about the problems facing the United States and the world today, which problems would you like the government to be working on in the year 2025? (up to 5, open-ended, coded)",https://apnorc.org/wp-content/uploads/2025/01/December-2024-topline_with-open-ends_final.pdf
2024-12-05/2024-12-09,2024-12,2025,subcategory,The economy,Unemployment/jobs,11,134,1251,3.7,AP-NORC,US adults who named at least one problem,"Thinking about the problems facing the United States and the world today, which problems would you like the government to be working on in the year 2025? (up to 5, open-ended, coded)",https://apnorc.org/wp-content/uploads/2025/01/December-2024-topline_with-open-ends_final.pdf
2024-12-05/2024-12-09,2024-12,2025,subcategory,The economy,Debt/deficit/government spending/budget,11,134,1251,3.7,AP-NORC,US adults who named at least one problem,"Thinking about the problems facing the United States and the world today, which problems would you like the government to be working on in the year 2025? (up to 5, open-ended, coded)",https://apnorc.org/wp-content/uploads/2025/01/December-2024-topline_with-open-ends_final.pdf
2024-12-05/2024-12-09,2024-12,2025,subcategory,The economy,Poverty/hunger/homelessness,11,122,1251,3.7,AP-NORC,US adults who named at least one problem,"Thinking about the problems facing the United States and the world today, which problems would you like the government to be working on in the year 2025? (up to 5, open-ended, coded)",https://apnorc.org/wp-content/uploads/2025/01/December-2024-topline_with-open-ends_final.pdf
2024-12-05/2024-12-09,2024-12,2025,subcategory,The economy,Taxes/tax reform,11,141,1251,3.7,AP-NORC,US adults who named at least one problem,"Thinking about the problems facing the United States and the world today, which problems would you like the government to be working on in the year 2025? (up to 5, open-ended, coded)",https://apnorc.org/wp-content/uploads/2025/01/December-2024-topline_with-open-ends_final.pdf
2024-12-05/2024-12-09,2024-12,2025,subcategory,The economy,Financial/business/Wall St. reform,3,40,1251,3.7,AP-NORC,US adults who named at least one problem,"Thinking about the problems facing the United States and the world today, which problems would you like the government to be working on in the year 2025? (up to 5, open-ended, coded)",https://apnorc.org/wp-content/uploads/2025/01/December-2024-topline_with-open-ends_final.pdf
2024-12-05/2024-12-09,2024-12,2025,subcategory,The economy,Trade/free trade agreements/tariffs,3,33,1251,3.7,AP-NORC,US adults who named at least one problem,"Thinking about the problems facing the United States and the world today, which problems would you like the government to be working on in the year 2025? (up to 5, open-ended, coded)",https://apnorc.org/wp-content/uploads/2025/01/December-2024-topline_with-open-ends_final.pdf
2024-12-05/2024-12-09,2024-12,2025,subcategory,The economy,Inflation,29,336,1251,3.7,AP-NORC,US adults who named at least one problem,"Thinking about the problems facing the United States and the world today, which problems would you like the government to be working on in the year 2025? (up to 5, open-ended, coded)",https://apnorc.org/wp-content/uploads/2025/01/December-2024-topline_with-open-ends_final.pdf
2024-12-05/2024-12-09,2024-12,2025,subcategory,The economy,"Economy, general",30,363,1251,3.7,AP-NORC,US adults who named at least one problem,"Thinking about the problems facing the United States and the world today, which problems would you like the government to be working on in the year 2025? (up to 5, open-ended, coded)",https://apnorc.org/wp-content/uploads/2025/01/December-2024-topline_with-open-ends_final.pdf
2024-12-05/2024-12-09,2024-12,2025,subcategory,The economy,Other economic issues,3,43,1251,3.7,AP-NORC,US adults who named at least one problem,"Thinking about the problems facing the United States and the world today, which problems would you like the government to be working on in the year 2025? (up to 5, open-ended, coded)",https://apnorc.org/wp-content/uploads/2025/01/December-2024-topline_with-open-ends_final.pdf
2024-12-05/2024-12-09,2024-12,2025,category,Domestic issues,Domestic issues,77,949,1251,3.7,AP-NORC,US adults who named at least one problem,"Thinking about the problems facing the United States and the world today, which problems would you like the government to be working on in the year 2025? (up to 5, open-ended, coded)",https://apnorc.org/wp-content/uploads/2025/01/December-2024-topline_with-open-ends_final.pdf
2024-12-05/2024-12-09,2024-12,2025,subcategory,Domestic issues,Gun issues,9,116,1251,3.7,AP-NORC,US adults who named at least one problem,"Thinking about the problems facing the United States and the world today, which problems would you like the government to be working on in the year 2025? (up to 5, open-ended, coded)",https://apnorc.org/wp-content/uploads/2025/01/December-2024-topline_with-open-ends_final.pdf
2024-12-05/2024-12-09,2024-12,2025,subcategory,Domestic issues,LGBTQ/transgender issues,4,56,1251,3.7,AP-NORC,US adults who named at least one problem,"Thinking about the problems facing the United States and the world today, which problems would you like the government to be working on in the year 2025? (up to 5, open-ended, coded)",https://apnorc.org/wp-content/uploads/2025/01/December-2024-topline_with-open-ends_final.pdf
2024-12-05/2024-12-09,2024-12,2025,subcategory,Domestic issues,Environment/climate change,21,246,1251,3.7,AP-NORC,US adults who named at least one problem,"Thinking about the problems facing the United States and the world today, which problems would you like the government to be working on in the year 2025? (up to 5, open-ended, coded)",https://apnorc.org/wp-content/uploads/2025/01/December-2024-topline_with-open-ends_final.pdf
2024-12-05/2024-12-09,2024-12,2025,subcategory,Domestic issues,Education/student debt,16,201,1251,3.7,AP-NORC,US adults who named at least one problem,"Thinking about the problems facing the United States and the world today, which problems would you like the government to be working on in the year 2025? (up to 5, open-ended, coded)",https://apnorc.org/wp-content/uploads/2025/01/December-2024-topline_with-open-ends_final.pdf
2024-12-05/2024-12-09,2024-12,2025,subcategory,Domestic issues,Crime/violence/hate crime,11,139,1251,3.7,AP-NORC,US adults who named at least one problem,"Thinking about the problems facing the United States and the world today, which problems would you like the government to be working on in the year 2025? (up to 5, open-ended, coded)",https://apnorc.org/wp-content/uploads/2025/01/December-2024-topline_with-open-ends_final.pdf
2024-12-05/2024-12-09,2024-12,2025,subcategory,Domestic issues,Morals/values/religion,4,51,1251,3.7,AP-NORC,US adults who named at least one problem,"Thinking about the problems facing the United States and the world today, which problems would you like the government to be working on in the year 2025? (up to 5, open-ended, coded)",https://apnorc.org/wp-content/uploads/2025/01/December-2024-topline_with-open-ends_final.pdf
2024-12-05/2024-12-09,2024-12,2025,subcategory,Domestic issues,Social Security,7,94,1251,3.7,AP-NORC,US adults who named at least one problem,"Thinking about the problems facing the United States and the world today, which problems would you like the government to be working on in the year 2025? (up to 5, open-ended, coded)",https://apnorc.org/wp-content/uploads/2025/01/December-2024-topline_with-open-ends_final.pdf
2024-12-05/2024-12-09,2024-12,2025,subcategory,Domestic issues,Drugs/Opioid Crisis,4,45,1251,3.7,AP-NORC,US adults who named at least one problem,"Thinking about the problems facing the United States and the world today, which problems would you like the government to be working on in the year 2025? (up to 5, open-ended, coded)",https://apnorc.org/wp-content/uploads/2025/01/December-2024-topline_with-open-ends_final.pdf
2024-12-05/2024-12-09,2024-12,2025,subcategory,Domestic issues,Women’s rights,5,59,1251,3.7,AP-NORC,US adults who named at least one problem,"Thinking about the problems facing the United States and the world today, which problems would you like the government to be working on in the year 2025? (up to 5, open-ended, coded)",https://apnorc.org/wp-content/uploads/2025/01/December-2024-topline_with-open-ends_final.pdf
2024-12-05/2024-12-09,2024-12,2025,subcategory,Domestic issues,Abortion/reproductive rights,12,128,1251,3.7,AP-NORC,US adults who named at least one problem,"Thinking about the problems facing the United States and the world today, which problems would you like the government to be working on in the year 2025? (up to 5, open-ended, coded)",https://apnorc.org/wp-content/uploads/2025/01/December-2024-topline_with-open-ends_final.pdf
2024-12-05/2024-12-09,2024-12,2025,subcategory,Domestic issues,Racism/racial inequality/racial issues,9,121,1251,3.7,AP-NORC,US adults who named at least one problem,"Thinking about the problems facing the United States and the world today, which problems would you like the government to be working on in the year 2025? (up to 5, open-ended, coded)",https://apnorc.org/wp-content/uploads/2025/01/December-2024-topline_with-open-ends_final.pdf
2024-12-05/2024-12-09,2024-12,2025,subcategory,Domestic issues,Social injustice/discrimination,4,44,1251,3.7,AP-NORC,US adults who named at least one problem,"Thinking about the problems facing the United States and the world today, which problems would you like the government to be working on in the year 2025? (up to 5, open-ended, coded)",https://apnorc.org/wp-content/uploads/2025/01/December-2024-topline_with-open-ends_final.pdf
2024-12-05/2024-12-09,2024-12,2025,subcategory,Domestic issues,Infrastructure,3,36,1251,3.7,AP-NORC,US adults who named at least one problem,"Thinking about the problems facing the United States and the world today, which problems would you like the government to be working on in the year 2025? (up to 5, open-ended, coded)",https://apnorc.org/wp-content/uploads/2025/01/December-2024-topline_with-open-ends_final.pdf
2024-12-05/2024-12-09,2024-12,2025,subcategory,Domestic issues,Income inequality/concerns about poor and/or middle class,6,81,1251,3.7,AP-NORC,US adults who named at least one problem,"Thinking about the problems facing the United States and the world today, which problems would you like the government to be working on in the year 2025? (up to 5, open-ended, coded)",https://apnorc.org/wp-content/uploads/2025/01/December-2024-topline_with-open-ends_final.pdf
2024-12-05/2024-12-09,2024-12,2025,subcategory,Domestic issues,Energy,5,70,1251,3.7,AP-NORC,US adults who named at least one problem,"Thinking about the problems facing the United States and the world today, which problems would you like the government to be working on in the year 2025? (up to 5, open-ended, coded)",https://apnorc.org/wp-content/uploads/2025/01/December-2024-topline_with-open-ends_final.pdf
2024-12-05/2024-12-09,2024-12,2025,subcategory,Domestic issues,Other domestic issues,16,206,1251,3.7,AP-NORC,US adults who named at least one problem,"Thinking about the problems facing the United States and the world today, which problems would you like the government to be working on in the year 2025? (up to 5, open-ended, coded)",https://apnorc.org/wp-content/uploads/2025/01/December-2024-topline_with-open-ends_final.pdf
2024-12-05/2024-12-09,2024-12,2025,category,Foreign policy issues,Foreign policy issues,64,798,1251,3.7,AP-NORC,US adults who named at least one problem,"Thinking about the problems facing the United States and the world today, which problems would you like the government to be working on in the year 2025? (up to 5, open-ended, coded)",https://apnorc.org/wp-content/uploads/2025/01/December-2024-topline_with-open-ends_final.pdf
2024-12-05/2024-12-09,2024-12,2025,subcategory,Foreign policy issues,War/Afghanistan/military issues,11,134,1251,3.7,AP-NORC,US adults who named at least one problem,"Thinking about the problems facing the United States and the world today, which problems would you like the government to be working on in the year 2025? (up to 5, open-ended, coded)",https://apnorc.org/wp-content/uploads/2025/01/December-2024-topline_with-open-ends_final.pdf
2024-12-05/2024-12-09,2024-12,2025,subcategory,Foreign policy issues,Israel/Palestine,6,56,1251,3.7,AP-NORC,US adults who named at least one problem,"Thinking about the problems facing the United States and the world today, which problems would you like the government to be working on in the year 2025? (up to 5, open-ended, coded)",https://apnorc.org/wp-content/uploads/2025/01/December-2024-topline_with-open-ends_final.pdf
2024-12-05/2024-12-09,2024-12,2025,subcategory,Foreign policy issues,Immigration/border wall/family separation/DACA,47,599,1251,3.7,AP-NORC,US adults who named at least one problem,"Thinking about the problems facing the United States and the world today, which problems would you like the government to be working on in the year 2025? (up to 5, open-ended, coded)",https://apnorc.org/wp-content/uploads/2025/01/December-2024-topline_with-open-ends_final.pdf
2024-12-05/2024-12-09,2024-12,2025,subcategory,Foreign policy issues,“Foreign Policy”/US involvement overseas/aggression,6,80,1251,3.7,AP-NORC,US adults who named at least one problem,"Thinking about the problems facing the United States and the world today, which problems would you like the government to be working on in the year 2025? (up to 5, open-ended, coded)",https://apnorc.org/wp-content/uploads/2025/01/December-2024-topline_with-open-ends_final.pdf
2024-12-05/2024-12-09,2024-12,2025,subcategory,Foreign policy issues,World peace,4,35,1251,3.7,AP-NORC,US adults who named at least one problem,"Thinking about the problems facing the United States and the world today, which problems would you like the government to be working on in the year 2025? (up to 5, open-ended, coded)",https://apnorc.org/wp-content/uploads/2025/01/December-2024-topline_with-open-ends_final.pdf
2024-12-05/2024-12-09,2024-12,2025,subcategory,Foreign policy issues,Ukraine/Russia,7,71,1251,3.7,AP-NORC,US adults who named at least one problem,"Thinking about the problems facing the United States and the world today, which problems would you like the government to be working on in the year 2025? (up to 5, open-ended, coded)",https://apnorc.org/wp-content/uploads/2025/01/December-2024-topline_with-open-ends_final.pdf
2024-12-05/2024-12-09,2024-12,2025,subcategory,Foreign policy issues,Other foreign issues,8,110,1251,3.7,AP-NORC,US adults who named at least one problem,"Thinking about the problems facing the United States and the world today, which problems would you like the government to be working on in the year 2025? (up to 5, open-ended, coded)",https://apnorc.org/wp-content/uploads/2025/01/December-2024-topline_with-open-ends_final.pdf
2024-12-05/2024-12-09,2024-12,2025,category,Personal financial issues,Personal financial issues,31,405,1251,3.7,AP-NORC,US adults who named at least one problem,"Thinking about the problems facing the United States and the world today, which problems would you like the government to be working on in the year 2025? (up to 5, open-ended, coded)",https://apnorc.org/wp-content/uploads/2025/01/December-2024-topline_with-open-ends_final.pdf
2024-12-05/2024-12-09,2024-12,2025,subcategory,Personal financial issues,Personal financial situation/cost of living for Americans,8,112,1251,3.7,AP-NORC,US adults who named at least one problem,"Thinking about the problems facing the United States and the world today, which problems would you like the government to be working on in the year 2025? (up to 5, open-ended, coded)",https://apnorc.org/wp-content/uploads/2025/01/December-2024-topline_with-open-ends_final.pdf
2024-12-05/2024-12-09,2024-12,2025,subcategory,Personal financial issues,Minimum wage/wages,4,56,1251,3.7,AP-NORC,US adults who named at least one problem,"Thinking about the problems facing the United States and the world today, which problems would you like the government to be working on in the year 2025? (up to 5, open-ended, coded)",https://apnorc.org/wp-content/uploads/2025/01/December-2024-topline_with-open-ends_final.pdf
2024-12-05/2024-12-09,2024-12,2025,subcategory,Personal financial issues,Housing costs (foreclosure/housing prices/upside down in mortgage),14,173,1251,3.7,AP-NORC,US adults who named at least one problem,"Thinking about the problems facing the United States and the world today, which problems would you like the government to be working on in the year 2025? (up to 5, open-ended, coded)",https://apnorc.org/wp-content/uploads/2025/01/December-2024-topline_with-open-ends_final.pdf
2024-12-05/2024-12-09,2024-12,2025,subcategory,Personal financial issues,Cost of food/food insecurity,8,94,1251,3.7,AP-NORC,US adults who named at least one problem,"Thinking about the problems facing the United States and the world today, which problems would you like the government to be working on in the year 2025? (up to 5, open-ended, coded)",https://apnorc.org/wp-content/uploads/2025/01/December-2024-topline_with-open-ends_final.pdf
2024-12-05/2024-12-09,2024-12,2025,subcategory,Personal financial issues,Gas prices/energy costs,6,80,1251,3.7,AP-NORC,US adults who named at least one problem,"Thinking about the problems facing the United States and the world today, which problems would you like the government to be working on in the year 2025? (up to 5, open-ended, coded)",https://apnorc.org/wp-content/uploads/2025/01/December-2024-topline_with-open-ends_final.pdf
2024-12-05/2024-12-09,2024-12,2025,subcategory,Personal financial issues,Other personal financial issues,2,30,1251,3.7,AP-NORC,US adults who named at least one problem,"Thinking about the problems facing the United States and the world today, which problems would you like the government to be working on in the year 2025? (up to 5, open-ended, coded)",https://apnorc.org/wp-content/uploads/2025/01/December-2024-topline_with-open-ends_final.pdf
2024-12-05/2024-12-09,2024-12,2025,category,Healthcare/health issues,Healthcare/health issues,33,416,1251,3.7,AP-NORC,US adults who named at least one problem,"Thinking about the problems facing the United States and the world today, which problems would you like the government to be working on in the year 2025? (up to 5, open-ended, coded)",https://apnorc.org/wp-content/uploads/2025/01/December-2024-topline_with-open-ends_final.pdf
2024-12-05/2024-12-09,2024-12,2025,subcategory,Healthcare/health issues,Healthcare reform,17,213,1251,3.7,AP-NORC,US adults who named at least one problem,"Thinking about the problems facing the United States and the world today, which problems would you like the government to be working on in the year 2025? (up to 5, open-ended, coded)",https://apnorc.org/wp-content/uploads/2025/01/December-2024-topline_with-open-ends_final.pdf
2024-12-05/2024-12-09,2024-12,2025,subcategory,Healthcare/health issues,Cost of healthcare/medical bills,8,100,1251,3.7,AP-NORC,US adults who named at least one problem,"Thinking about the problems facing the United States and the world today, which problems would you like the government to be working on in the year 2025? (up to 5, open-ended, coded)",https://apnorc.org/wp-content/uploads/2025/01/December-2024-topline_with-open-ends_final.pdf
2024-12-05/2024-12-09,2024-12,2025,subcategory,Healthcare/health issues,Healthcare for elderly/Medicare,3,33,1251,3.7,AP-NORC,US adults who named at least one problem,"Thinking about the problems facing the United States and the world today, which problems would you like the government to be working on in the year 2025? (up to 5, open-ended, coded)",https://apnorc.org/wp-content/uploads/2025/01/December-2024-topline_with-open-ends_final.pdf
2024-12-05/2024-12-09,2024-12,2025,subcategory,Healthcare/health issues,Health-related issues,3,47,1251,3.7,AP-NORC,US adults who named at least one problem,"Thinking about the problems facing the United States and the world today, which problems would you like the government to be working on in the year 2025? (up to 5, open-ended, coded)",https://apnorc.org/wp-content/uploads/2025/01/December-2024-topline_with-open-ends_final.pdf
2024-12-05/2024-12-09,2024-12,2025,subcategory,Healthcare/health issues,Other healthcare issues,4,47,1251,3.7,AP-NORC,US adults who named at least one problem,"Thinking about the problems facing the United States and the world today, which problems would you like the government to be working on in the year 2025? (up to 5, open-ended, coded)",https://apnorc.org/wp-content/uploads/2025/01/December-2024-topline_with-open-ends_final.pdf
2024-12-05/2024-12-09,2024-12,2025,category,Politics,Politics,32,396,1251,3.7,AP-NORC,US adults who named at least one problem,"Thinking about the problems facing the United States and the world today, which problems would you like the government to be working on in the year 2025? (up to 5, open-ended, coded)",https://apnorc.org/wp-content/uploads/2025/01/December-2024-topline_with-open-ends_final.pdf
2024-12-05/2024-12-09,2024-12,2025,subcategory,Politics,Government corruption/fraud,5,65,1251,3.7,AP-NORC,US adults who named at least one problem,"Thinking about the problems facing the United States and the world today, which problems would you like the government to be working on in the year 2025? (up to 5, open-ended, coded)",https://apnorc.org/wp-content/uploads/2025/01/December-2024-topline_with-open-ends_final.pdf
2024-12-05/2024-12-09,2024-12,2025,subcategory,Politics,Smaller government/get government out of our lives,3,40,1251,3.7,AP-NORC,US adults who named at least one problem,"Thinking about the problems facing the United States and the world today, which problems would you like the government to be working on in the year 2025? (up to 5, open-ended, coded)",https://apnorc.org/wp-content/uploads/2025/01/December-2024-topline_with-open-ends_final.pdf
2024-12-05/2024-12-09,2024-12,2025,subcategory,Politics,Trump/Vance,6,72,1251,3.7,AP-NORC,US adults who named at least one problem,"Thinking about the problems facing the United States and the world today, which problems would you like the government to be working on in the year 2025? (up to 5, open-ended, coded)",https://apnorc.org/wp-content/uploads/2025/01/December-2024-topline_with-open-ends_final.pdf
2024-12-05/2024-12-09,2024-12,2025,subcategory,Politics,Division/unity,3,41,1251,3.7,AP-NORC,US adults who named at least one problem,"Thinking about the problems facing the United States and the world today, which problems would you like the government to be working on in the year 2025? (up to 5, open-ended, coded)",https://apnorc.org/wp-content/uploads/2025/01/December-2024-topline_with-open-ends_final.pdf
2024-12-05/2024-12-09,2024-12,2025,subcategory,Politics,Political extremists,3,43,1251,3.7,AP-NORC,US adults who named at least one problem,"Thinking about the problems facing the United States and the world today, which problems would you like the government to be working on in the year 2025? (up to 5, open-ended, coded)",https://apnorc.org/wp-content/uploads/2025/01/December-2024-topline_with-open-ends_final.pdf
2024-12-05/2024-12-09,2024-12,2025,subcategory,Politics,Other political issues,18,219,1251,3.7,AP-NORC,US adults who named at least one problem,"Thinking about the problems facing the United States and the world today, which problems would you like the government to be working on in the year 2025? (up to 5, open-ended, coded)",https://apnorc.org/wp-content/uploads/2025/01/December-2024-topline_with-open-ends_final.pdf
2024-12-05/2024-12-09,2024-12,2025,subcategory,Politics,Terrorism,1,8,1251,3.7,AP-NORC,US adults who named at least one problem,"Thinking about the problems facing the United States and the world today, which problems would you like the government to be working on in the year 2025? (up to 5, open-ended, coded)",https://apnorc.org/wp-content/uploads/2025/01/December-2024-topline_with-open-ends_final.pdf
2025-12-04/2025-12-08,2025-12,2026,category,Domestic issues,Domestic issues,75,850,1146,4.0,AP-NORC,US adults who named at least one problem,"Thinking about the problems facing the United States and the world today, which problems would you like the government to be working on in the year 2026? (up to 5, open-ended, coded)",https://apnorc.org/wp-content/uploads/2025/12/AP-NORC-December-2025-Topline-with-MIP-FINAL-2.pdf
2025-12-04/2025-12-08,2025-12,2026,subcategory,Domestic issues,Gun issues,4,64,1146,4.0,AP-NORC,US adults who named at least one problem,"Thinking about the problems facing the United States and the world today, which problems would you like the government to be working on in the year 2026? (up to 5, open-ended, coded)",https://apnorc.org/wp-content/uploads/2025/12/AP-NORC-December-2025-Topline-with-MIP-FINAL-2.pdf
2025-12-04/2025-12-08,2025-12,2026,subcategory,Domestic issues,Environment/climate change,12,146,1146,4.0,AP-NORC,US adults who named at least one problem,"Thinking about the problems facing the United States and the world today, which problems would you like the government to be working on in the year 2026? (up to 5, open-ended, coded)",https://apnorc.org/wp-content/uploads/2025/12/AP-NORC-December-2025-Topline-with-MIP-FINAL-2.pdf
2025-12-04/2025-12-08,2025-12,2026,subcategory,Domestic issues,Education/student debt,16,178,1146,4.0,AP-NORC,US adults who named at least one problem,"Thinking about the problems facing the United States and the world today, which problems would you like the government to be working on in the year 2026? (up to 5, open-ended, coded)",https://apnorc.org/wp-content/uploads/2025/12/AP-NORC-December-2025-Topline-with-MIP-FINAL-2.pdf
2025-12-04/2025-12-08,2025-12,2026,subcategory,Domestic issues,Crime/violence/hate crime,12,117,1146,4.0,AP-NORC,US adults who named at least one problem,"Thinking about the problems facing the United States and the world today, which problems would you like the government to be working on in the year 2026? (up to 5, open-ended, coded)",https://apnorc.org/wp-content/uploads/2025/12/AP-NORC-December-2025-Topline-with-MIP-FINAL-2.pdf
2025-12-04/2025-12-08,2025-12,2026,subcategory,Domestic issues,Morals/values/religion,4,42,1146,4.0,AP-NORC,US adults who named at least one problem,"Thinking about the problems facing the United States and the world today, which problems would you like the government to be working on in the year 2026? (up to 5, open-ended, coded)",https://apnorc.org/wp-content/uploads/2025/12/AP-NORC-December-2025-Topline-with-MIP-FINAL-2.pdf
2025-12-04/2025-12-08,2025-12,2026,subcategory,Domestic issues,Social Security,7,88,1146,4.0,AP-NORC,US adults who named at least one problem,"Thinking about the problems facing the United States and the world today, which problems would you like the government to be working on in the year 2026? (up to 5, open-ended, coded)",https://apnorc.org/wp-content/uploads/2025/12/AP-NORC-December-2025-Topline-with-MIP-FINAL-2.pdf
2025-12-04/2025-12-08,2025-12,2026,subcategory,Domestic issues,Drugs/Opioid Crisis,6,64,1146,4.0,AP-NORC,US adults who named at least one problem,"Thinking about the problems facing the United States and the world today, which problems would you like the government to be working on in the year 2026? (up to 5, open-ended, coded)",https://apnorc.org/wp-content/uploads/2025/12/AP-NORC-December-2025-Topline-with-MIP-FINAL-2.pdf
2025-12-04/2025-12-08,2025-12,2026,subcategory,Domestic issues,Women’s rights/abortion,4,52,1146,4.0,AP-NORC,US adults who named at least one problem,"Thinking about the problems facing the United States and the world today, which problems would you like the government to be working on in the year 2026? (up to 5, open-ended, coded)",https://apnorc.org/wp-content/uploads/2025/12/AP-NORC-December-2025-Topline-with-MIP-FINAL-2.pdf
2025-12-04/2025-12-08,2025-12,2026,subcategory,Domestic issues,Racism/racial inequality/racial issues,5,65,1146,4.0,AP-NORC,US adults who named at least one problem,"Thinking about the problems facing the United States and the world today, which problems would you like the government to be working on in the year 2026? (up to 5, open-ended, coded)",https://apnorc.org/wp-content/uploads/2025/12/AP-NORC-December-2025-Topline-with-MIP-FINAL-2.pdf
2025-12-04/2025-12-08,2025-12,2026,subcategory,Domestic issues,Social injustice/discrimination,5,60,1146,4.0,AP-NORC,US adults who named at least one problem,"Thinking about the problems facing the United States and the world today, which problems would you like the government to be working on in the year 2026? (up to 5, open-ended, coded)",https://apnorc.org/wp-content/uploads/2025/12/AP-NORC-December-2025-Topline-with-MIP-FINAL-2.pdf
2025-12-04/2025-12-08,2025-12,2026,subcategory,Domestic issues,Infrastructure,3,33,1146,4.0,AP-NORC,US adults who named at least one problem,"Thinking about the problems facing the United States and the world today, which problems would you like the government to be working on in the year 2026? (up to 5, open-ended, coded)",https://apnorc.org/wp-content/uploads/2025/12/AP-NORC-December-2025-Topline-with-MIP-FINAL-2.pdf
2025-12-04/2025-12-08,2025-12,2026,subcategory,Domestic issues,Income inequality/concerns about poor and/or middle class,5,57,1146,4.0,AP-NORC,US adults who named at least one problem,"Thinking about the problems facing the United States and the world today, which problems would you like the government to be working on in the year 2026? (up to 5, open-ended, coded)",https://apnorc.org/wp-content/uploads/2025/12/AP-NORC-December-2025-Topline-with-MIP-FINAL-2.pdf
2025-12-04/2025-12-08,2025-12,2026,subcategory,Domestic issues,Welfare issues/Entitlement Reform,8,74,1146,4.0,AP-NORC,US adults who named at least one problem,"Thinking about the problems facing the United States and the world today, which problems would you like the government to be working on in the year 2026? (up to 5, open-ended, coded)",https://apnorc.org/wp-content/uploads/2025/12/AP-NORC-December-2025-Topline-with-MIP-FINAL-2.pdf
2025-12-04/2025-12-08,2025-12,2026,subcategory,Domestic issues,"Helping vulnerable populations (elderly, poor)",3,30,1146,4.0,AP-NORC,US adults who named at least one problem,"Thinking about the problems facing the United States and the world today, which problems would you like the government to be working on in the year 2026? (up to 5, open-ended, coded)",https://apnorc.org/wp-content/uploads/2025/12/AP-NORC-December-2025-Topline-with-MIP-FINAL-2.pdf
2025-12-04/2025-12-08,2025-12,2026,subcategory,Domestic issues,Police brutality/other policing issues/National Guard deployment,3,33,1146,4.0,AP-NORC,US adults who named at least one problem,"Thinking about the problems facing the United States and the world today, which problems would you like the government to be working on in the year 2026? (up to 5, open-ended, coded)",https://apnorc.org/wp-content/uploads/2025/12/AP-NORC-December-2025-Topline-with-MIP-FINAL-2.pdf
2025-12-04/2025-12-08,2025-12,2026,subcategory,Domestic issues,Veterans’ issues,2,28,1146,4.0,AP-NORC,US adults who named at least one problem,"Thinking about the problems facing the United States and the world today, which problems would you like the government to be working on in the year 2026? (up to 5, open-ended, coded)",https://apnorc.org/wp-content/uploads/2025/12/AP-NORC-December-2025-Topline-with-MIP-FINAL-2.pdf
2025-12-04/2025-12-08,2025-12,2026,subcategory,Domestic issues,Energy,3,38,1146,4.0,AP-NORC,US adults who named at least one problem,"Thinking about the problems facing the United States and the world today, which problems would you like the government to be working on in the year 2026? (up to 5, open-ended, coded)",https://apnorc.org/wp-content/uploads/2025/12/AP-NORC-December-2025-Topline-with-MIP-FINAL-2.pdf
2025-12-04/2025-12-08,2025-12,2026,subcategory,Domestic issues,Criminal justice reform,3,33,1146,4.0,AP-NORC,US adults who named at least one problem,"Thinking about the problems facing the United States and the world today, which problems would you like the government to be working on in the year 2026? (up to 5, open-ended, coded)",https://apnorc.org/wp-content/uploads/2025/12/AP-NORC-December-2025-Topline-with-MIP-FINAL-2.pdf
2025-12-04/2025-12-08,2025-12,2026,subcategory,Domestic issues,Technology/social media/AI,3,27,1146,4.0,AP-NORC,US adults who named at least one problem,"Thinking about the problems facing the United States and the world today, which problems would you like the government to be working on in the year 2026? (up to 5, open-ended, coded)",https://apnorc.org/wp-content/uploads/2025/12/AP-NORC-December-2025-Topline-with-MIP-FINAL-2.pdf
2025-12-04/2025-12-08,2025-12,2026,subcategory,Domestic issues,Other domestic issues,17,174,1146,4.0,AP-NORC,US adults who named at least one problem,"Thinking about the problems facing the United States and the world today, which problems would you like the government to be working on in the year 2026? (up to 5, open-ended, coded)",https://apnorc.org/wp-content/uploads/2025/12/AP-NORC-December-2025-Topline-with-MIP-FINAL-2.pdf
2025-12-04/2025-12-08,2025-12,2026,category,The economy,The economy,71,800,1146,4.0,AP-NORC,US adults who named at least one problem,"Thinking about the problems facing the United States and the world today, which problems would you like the government to be working on in the year 2026? (up to 5, open-ended, coded)",https://apnorc.org/wp-content/uploads/2025/12/AP-NORC-December-2025-Topline-with-MIP-FINAL-2.pdf
2025-12-04/2025-12-08,2025-12,2026,subcategory,The economy,Unemployment/jobs,14,124,1146,4.0,AP-NORC,US adults who named at least one problem,"Thinking about the problems facing the United States and the world today, which problems would you like the government to be working on in the year 2026? (up to 5, open-ended, coded)",https://apnorc.org/wp-content/uploads/2025/12/AP-NORC-December-2025-Topline-with-MIP-FINAL-2.pdf
2025-12-04/2025-12-08,2025-12,2026,subcategory,The economy,Debt/deficit/government spending/budget,8,101,1146,4.0,AP-NORC,US adults who named at least one problem,"Thinking about the problems facing the United States and the world today, which problems would you like the government to be working on in the year 2026? (up to 5, open-ended, coded)",https://apnorc.org/wp-content/uploads/2025/12/AP-NORC-December-2025-Topline-with-MIP-FINAL-2.pdf
2025-12-04/2025-12-08,2025-12,2026,subcategory,The economy,Poverty/hunger/homelessness,14,146,1146,4.0,AP-NORC,US adults who named at least one problem,"Thinking about the problems facing the United States and the world today, which problems would you like the government to be working on in the year 2026? (up to 5, open-ended, coded)",https://apnorc.org/wp-content/uploads/2025/12/AP-NORC-December-2025-Topline-with-MIP-FINAL-2.pdf
2025-12-04/2025-12-08,2025-12,2026,subcategory,The economy,Taxes/tax reform,13,169,1146,4.0,AP-NORC,US adults who named at least one problem,"Thinking about the problems facing the United States and the world today, which problems would you like the government to be working on in the year 2026? (up to 5, open-ended, coded)",https://apnorc.org/wp-content/uploads/2025/12/AP-NORC-December-2025-Topline-with-MIP-FINAL-2.pdf
2025-12-04/2025-12-08,2025-12,2026,subcategory,The economy,Financial/business/Wall St. reform,1,18,1146,4.0,AP-NORC,US adults who named at least one problem,"Thinking about the problems facing the United States and the world today, which problems would you like the government to be working on in the year 2026? (up to 5, open-ended, coded)",https://apnorc.org/wp-content/uploads/2025/12/AP-NORC-December-2025-Topline-with-MIP-FINAL-2.pdf
2025-12-04/2025-12-08,2025-12,2026,subcategory,The economy,Trade/free trade agreements/tariffs,7,95,1146,4.0,AP-NORC,US adults who named at least one problem,"Thinking about the problems facing the United States and the world today, which problems would you like the government to be working on in the year 2026? (up to 5, open-ended, coded)",https://apnorc.org/wp-content/uploads/2025/12/AP-NORC-December-2025-Topline-with-MIP-FINAL-2.pdf
2025-12-04/2025-12-08,2025-12,2026,subcategory,The economy,Inflation,17,184,1146,4.0,AP-NORC,US adults who named at least one problem,"Thinking about the problems facing the United States and the world today, which problems would you like the government to be working on in the year 2026? (up to 5, open-ended, coded)",https://apnorc.org/wp-content/uploads/2025/12/AP-NORC-December-2025-Topline-with-MIP-FINAL-2.pdf
2025-12-04/2025-12-08,2025-12,2026,subcategory,The economy,"Economy, general",22,256,1146,4.0,AP-NORC,US adults who named at least one problem,"Thinking about the problems facing the United States and the world today, which problems would you like the government to be working on in the year 2026? (up to 5, open-ended, coded)",https://apnorc.org/wp-content/uploads/2025/12/AP-NORC-December-2025-Topline-with-MIP-FINAL-2.pdf
2025-12-04/2025-12-08,2025-12,2026,subcategory,The economy,Other economic issues,7,65,1146,4.0,AP-NORC,US adults who named at least one problem,"Thinking about the problems facing the United States and the world today, which problems would you like the government to be working on in the year 2026? (up to 5, open-ended, coded)",https://apnorc.org/wp-content/uploads/2025/12/AP-NORC-December-2025-Topline-with-MIP-FINAL-2.pdf
2025-12-04/2025-12-08,2025-12,2026,category,Immigration/border wall/family separation/DACA/ICE,Immigration/border wall/family separation/DACA/ICE,44,527,1146,4.0,AP-NORC,US adults who named at least one problem,"Thinking about the problems facing the United States and the world today, which problems would you like the government to be working on in the year 2026? (up to 5, open-ended, coded)",https://apnorc.org/wp-content/uploads/2025/12/AP-NORC-December-2025-Topline-with-MIP-FINAL-2.pdf
2025-12-04/2025-12-08,2025-12,2026,category,Healthcare/health issues,Healthcare/health issues,41,490,1146,4.0,AP-NORC,US adults who named at least one problem,"Thinking about the problems facing the United States and the world today, which problems would you like the government to be working on in the year 2026? (up to 5, open-ended, coded)",https://apnorc.org/wp-content/uploads/2025/12/AP-NORC-December-2025-Topline-with-MIP-FINAL-2.pdf
2025-12-04/2025-12-08,2025-12,2026,subcategory,Healthcare/health issues,Healthcare reform,21,270,1146,4.0,AP-NORC,US adults who named at least one problem,"Thinking about the problems facing the United States and the world today, which problems would you like the government to be working on in the year 2026? (up to 5, open-ended, coded)",https://apnorc.org/wp-content/uploads/2025/12/AP-NORC-December-2025-Topline-with-MIP-FINAL-2.pdf
2025-12-04/2025-12-08,2025-12,2026,subcategory,Healthcare/health issues,Cost of healthcare/medical bills,12,136,1146,4.0,AP-NORC,US adults who named at least one problem,"Thinking about the problems facing the United States and the world today, which problems would you like the government to be working on in the year 2026? (up to 5, open-ended, coded)",https://apnorc.org/wp-content/uploads/2025/12/AP-NORC-December-2025-Topline-with-MIP-FINAL-2.pdf
2025-12-04/2025-12-08,2025-12,2026,subcategory,Healthcare/health issues,Health-related issues,3,35,1146,4.0,AP-NORC,US adults who named at least one problem,"Thinking about the problems facing the United States and the world today, which problems would you like the government to be working on in the year 2026? (up to 5, open-ended, coded)",https://apnorc.org/wp-content/uploads/2025/12/AP-NORC-December-2025-Topline-with-MIP-FINAL-2.pdf
2025-12-04/2025-12-08,2025-12,2026,subcategory,Healthcare/health issues,Other healthcare issues,7,79,1146,4.0,AP-NORC,US adults who named at least one problem,"Thinking about the problems facing the United States and the world today, which problems would you like the government to be working on in the year 2026? (up to 5, open-ended, coded)",https://apnorc.org/wp-content/uploads/2025/12/AP-NORC-December-2025-Topline-with-MIP-FINAL-2.pdf
2025-12-04/2025-12-08,2025-12,2026,category,Personal financial issues,Personal financial issues,43,460,1146,4.0,AP-NORC,US adults who named at least one problem,"Thinking about the problems facing the United States and the world today, which problems would you like the government to be working on in the year 2026? (up to 5, open-ended, coded)",https://apnorc.org/wp-content/uploads/2025/12/AP-NORC-December-2025-Topline-with-MIP-FINAL-2.pdf
2025-12-04/2025-12-08,2025-12,2026,subcategory,Personal financial issues,Personal financial situation/cost of living for Americans,18,185,1146,4.0,AP-NORC,US adults who named at least one problem,"Thinking about the problems facing the United States and the world today, which problems would you like the government to be working on in the year 2026? (up to 5, open-ended, coded)",https://apnorc.org/wp-content/uploads/2025/12/AP-NORC-December-2025-Topline-with-MIP-FINAL-2.pdf
2025-12-04/2025-12-08,2025-12,2026,subcategory,Personal financial issues,Minimum wage/wages,8,69,1146,4.0,AP-NORC,US adults who named at least one problem,"Thinking about the problems facing the United States and the world today, which problems would you like the government to be working on in the year 2026? (up to 5, open-ended, coded)",https://apnorc.org/wp-content/uploads/2025/12/AP-NORC-December-2025-Topline-with-MIP-FINAL-2.pdf
2025-12-04/2025-12-08,2025-12,2026,subcategory,Personal financial issues,Housing costs (foreclosure/housing prices/upside down in mortgage),17,177,1146,4.0,AP-NORC,US adults who named at least one problem,"Thinking about the problems facing the United States and the world today, which problems would you like the government to be working on in the year 2026? (up to 5, open-ended, coded)",https://apnorc.org/wp-content/uploads/2025/12/AP-NORC-December-2025-Topline-with-MIP-FINAL-2.pdf
2025-12-04/2025-12-08,2025-12,2026,subcategory,Personal financial issues,Cost of food/food insecurity,12,119,1146,4.0,AP-NORC,US adults who named at least one problem,"Thinking about the problems facing the United States and the world today, which problems would you like the government to be working on in the year 2026? (up to 5, open-ended, coded)",https://apnorc.org/wp-content/uploads/2025/12/AP-NORC-December-2025-Topline-with-MIP-FINAL-2.pdf
2025-12-04/2025-12-08,2025-12,2026,subcategory,Personal financial issues,Gas prices/energy costs,6,58,1146,4.0,AP-NORC,US adults who named at least one problem,"Thinking about the problems facing the United States and the world today, which problems would you like the government to be working on in the year 2026? (up to 5, open-ended, coded)",https://apnorc.org/wp-content/uploads/2025/12/AP-NORC-December-2025-Topline-with-MIP-FINAL-2.pdf
2025-12-04/2025-12-08,2025-12,2026,subcategory,Personal financial issues,Other personal financial issues,2,14,1146,4.0,AP-NORC,US adults who named at least one problem,"Thinking about the problems facing the United States and the world today, which problems would you like the government to be working on in the year 2026? (up to 5, open-ended, coded)",https://apnorc.org/wp-content/uploads/2025/12/AP-NORC-December-2025-Topline-with-MIP-FINAL-2.pdf
2025-12-04/2025-12-08,2025-12,2026,category,Politics,Politics,37,430,1146,4.0,AP-NORC,US adults who named at least one problem,"Thinking about the problems facing the United States and the world today, which problems would you like the government to be working on in the year 2026? (up to 5, open-ended, coded)",https://apnorc.org/wp-content/uploads/2025/12/AP-NORC-December-2025-Topline-with-MIP-FINAL-2.pdf
2025-12-04/2025-12-08,2025-12,2026,subcategory,Politics,Bipartisanship vs. gridlock/shutdown,3,39,1146,4.0,AP-NORC,US adults who named at least one problem,"Thinking about the problems facing the United States and the world today, which problems would you like the government to be working on in the year 2026? (up to 5, open-ended, coded)",https://apnorc.org/wp-content/uploads/2025/12/AP-NORC-December-2025-Topline-with-MIP-FINAL-2.pdf
2025-12-04/2025-12-08,2025-12,2026,subcategory,Politics,Specific parties/politicians/Congress,2,32,1146,4.0,AP-NORC,US adults who named at least one problem,"Thinking about the problems facing the United States and the world today, which problems would you like the government to be working on in the year 2026? (up to 5, open-ended, coded)",https://apnorc.org/wp-content/uploads/2025/12/AP-NORC-December-2025-Topline-with-MIP-FINAL-2.pdf
2025-12-04/2025-12-08,2025-12,2026,subcategory,Politics,Government corruption/fraud,8,101,1146,4.0,AP-NORC,US adults who named at least one problem,"Thinking about the problems facing the United States and the world today, which problems would you like the government to be working on in the year 2026? (up to 5, open-ended, coded)",https://apnorc.org/wp-content/uploads/2025/12/AP-NORC-December-2025-Topline-with-MIP-FINAL-2.pdf
2025-12-04/2025-12-08,2025-12,2026,subcategory,Politics,Uphold Constitution/protect freedoms/protect freedom of speech,3,39,1146,4.0,AP-NORC,US adults who named at least one problem,"Thinking about the problems facing the United States and the world today, which problems would you like the government to be working on in the year 2026? (up to 5, open-ended, coded)",https://apnorc.org/wp-content/uploads/2025/12/AP-NORC-December-2025-Topline-with-MIP-FINAL-2.pdf
2025-12-04/2025-12-08,2025-12,2026,subcategory,Politics,Term limits,3,34,1146,4.0,AP-NORC,US adults who named at least one problem,"Thinking about the problems facing the United States and the world today, which problems would you like the government to be working on in the year 2026? (up to 5, open-ended, coded)",https://apnorc.org/wp-content/uploads/2025/12/AP-NORC-December-2025-Topline-with-MIP-FINAL-2.pdf
2025-12-04/2025-12-08,2025-12,2026,subcategory,Politics,Democracy/threats/protect,2,27,1146,4.0,AP-NORC,US adults who named at least one problem,"Thinking about the problems facing the United States and the world today, which problems would you like the government to be working on in the year 2026? (up to 5, open-ended, coded)",https://apnorc.org/wp-content/uploads/2025/12/AP-NORC-December-2025-Topline-with-MIP-FINAL-2.pdf
2025-12-04/2025-12-08,2025-12,2026,subcategory,Politics,Voting laws/voter fraud/voting issues/the big lie/election security,2,34,1146,4.0,AP-NORC,US adults who named at least one problem,"Thinking about the problems facing the United States and the world today, which problems would you like the government to be working on in the year 2026? (up to 5, open-ended, coded)",https://apnorc.org/wp-content/uploads/2025/12/AP-NORC-December-2025-Topline-with-MIP-FINAL-2.pdf
2025-12-04/2025-12-08,2025-12,2026,subcategory,Politics,Trump/Vance,7,80,1146,4.0,AP-NORC,US adults who named at least one problem,"Thinking about the problems facing the United States and the world today, which problems would you like the government to be working on in the year 2026? (up to 5, open-ended, coded)",https://apnorc.org/wp-content/uploads/2025/12/AP-NORC-December-2025-Topline-with-MIP-FINAL-2.pdf
2025-12-04/2025-12-08,2025-12,2026,subcategory,Politics,Division/unity,6,46,1146,4.0,AP-NORC,US adults who named at least one problem,"Thinking about the problems facing the United States and the world today, which problems would you like the government to be working on in the year 2026? (up to 5, open-ended, coded)",https://apnorc.org/wp-content/uploads/2025/12/AP-NORC-December-2025-Topline-with-MIP-FINAL-2.pdf
2025-12-04/2025-12-08,2025-12,2026,subcategory,Politics,Other political issues,12,129,1146,4.0,AP-NORC,US adults who named at least one problem,"Thinking about the problems facing the United States and the world today, which problems would you like the government to be working on in the year 2026? (up to 5, open-ended, coded)",https://apnorc.org/wp-content/uploads/2025/12/AP-NORC-December-2025-Topline-with-MIP-FINAL-2.pdf
2025-12-04/2025-12-08,2025-12,2026,category,Foreign policy issues (not including immigration),Foreign policy issues (not including immigration),26,337,1146,4.0,AP-NORC,US adults who named at least one problem,"Thinking about the problems facing the United States and the world today, which problems would you like the government to be working on in the year 2026? (up to 5, open-ended, coded)",https://apnorc.org/wp-content/uploads/2025/12/AP-NORC-December-2025-Topline-with-MIP-FINAL-2.pdf
2025-12-04/2025-12-08,2025-12,2026,subcategory,Foreign policy issues (not including immigration),War/Afghanistan/military issues,6,79,1146,4.0,AP-NORC,US adults who named at least one problem,"Thinking about the problems facing the United States and the world today, which problems would you like the government to be working on in the year 2026? (up to 5, open-ended, coded)",https://apnorc.org/wp-content/uploads/2025/12/AP-NORC-December-2025-Topline-with-MIP-FINAL-2.pdf
2025-12-04/2025-12-08,2025-12,2026,subcategory,Foreign policy issues (not including immigration),Israel/Palestine,2,31,1146,4.0,AP-NORC,US adults who named at least one problem,"Thinking about the problems facing the United States and the world today, which problems would you like the government to be working on in the year 2026? (up to 5, open-ended, coded)",https://apnorc.org/wp-content/uploads/2025/12/AP-NORC-December-2025-Topline-with-MIP-FINAL-2.pdf
2025-12-04/2025-12-08,2025-12,2026,subcategory,Foreign policy issues (not including immigration),“Foreign Policy”/US involvement overseas/aggression,7,82,1146,4.0,AP-NORC,US adults who named at least one problem,"Thinking about the problems facing the United States and the world today, which problems would you like the government to be working on in the year 2026? (up to 5, open-ended, coded)",https://apnorc.org/wp-content/uploads/2025/12/AP-NORC-December-2025-Topline-with-MIP-FINAL-2.pdf
2025-12-04/2025-12-08,2025-12,2026,subcategory,Foreign policy issues (not including immigration),World peace,2,29,1146,4.0,AP-NORC,US adults who named at least one problem,"Thinking about the problems facing the United States and the world today, which problems would you like the government to be working on in the year 2026? (up to 5, open-ended, coded)",https://apnorc.org/wp-content/uploads/2025/12/AP-NORC-December-2025-Topline-with-MIP-FINAL-2.pdf
2025-12-04/2025-12-08,2025-12,2026,subcategory,Foreign policy issues (not including immigration),Ukraine/Russia,4,63,1146,4.0,AP-NORC,US adults who named at least one problem,"Thinking about the problems facing the United States and the world today, which problems would you like the government to be working on in the year 2026? (up to 5, open-ended, coded)",https://apnorc.org/wp-content/uploads/2025/12/AP-NORC-December-2025-Topline-with-MIP-FINAL-2.pdf
2025-12-04/2025-12-08,2025-12,2026,subcategory,Foreign policy issues (not including immigration),Other foreign issues,6,82,1146,4.0,AP-NORC,US adults who named at least one problem,"Thinking about the problems facing the United States and the world today, which problems would you like the government to be working on in the year 2026? (up to 5, open-ended, coded)",https://apnorc.org/wp-content/uploads/2025/12/AP-NORC-December-2025-Topline-with-MIP-FINAL-2.pdf
2025-12-04/2025-12-08,2025-12,2026,subcategory,Foreign policy issues (not including immigration),Terrorism,1,14,1146,4.0,AP-NORC,US adults who named at least one problem,"Thinking about the problems facing the United States and the world today, which problems would you like the government to be working on in the year 2026? (up to 5, open-ended, coded)",https://apnorc.org/wp-content/uploads/2025/12/AP-NORC-December-2025-Topline-with-MIP-FINAL-2.pdf
