month,category,label,pct,lt_half,data_quality,source_url,note,question,population
2025-01,crime_violence,Crime/Violence,5.0,False,trend,https://news.gallup.com/file/poll/691031/2025_05_01%20Values%20and%20Beliefs%20Topline_PDF.pdf,gallup_2025-05_topline.pdf Recent Trend 표,What do you think is the most important problem facing this country today? [OPEN-ENDED],US adults
2025-01,economy_general,Economy in general,14.0,False,trend,https://news.gallup.com/file/poll/691031/2025_05_01%20Values%20and%20Beliefs%20Topline_PDF.pdf,gallup_2025-05_topline.pdf Recent Trend 표,What do you think is the most important problem facing this country today? [OPEN-ENDED],US adults
2025-01,foreign_policy_aid,Foreign policy/Foreign aid/Focus overseas,2.0,False,trend,https://news.gallup.com/file/poll/691031/2025_05_01%20Values%20and%20Beliefs%20Topline_PDF.pdf,gallup_2025-05_topline.pdf Recent Trend 표,What do you think is the most important problem facing this country today? [OPEN-ENDED],US adults
2025-01,govt_poor_leadership,The government/Poor leadership,23.0,False,trend,https://news.gallup.com/file/poll/691031/2025_05_01%20Values%20and%20Beliefs%20Topline_PDF.pdf,gallup_2025-05_topline.pdf Recent Trend 표,What do you think is the most important problem facing this country today? [OPEN-ENDED],US adults
2025-01,immigration,Immigration,13.0,False,trend,https://news.gallup.com/file/poll/691031/2025_05_01%20Values%20and%20Beliefs%20Topline_PDF.pdf,gallup_2025-05_topline.pdf Recent Trend 표,What do you think is the most important problem facing this country today? [OPEN-ENDED],US adults
2025-01,inflation_high_cost,High cost of living/Inflation,12.0,False,trend,https://news.gallup.com/file/poll/691031/2025_05_01%20Values%20and%20Beliefs%20Topline_PDF.pdf,gallup_2025-05_topline.pdf Recent Trend 표,What do you think is the most important problem facing this country today? [OPEN-ENDED],US adults
2025-01,international_issues,"International issues, problems",0.0,True,trend,https://news.gallup.com/file/poll/691031/2025_05_01%20Values%20and%20Beliefs%20Topline_PDF.pdf,"gallup_2025-05_topline.pdf Recent Trend 표 ('*' = 0.5% 미만, 0으로 기록)",What do you think is the most important problem facing this country today? [OPEN-ENDED],US adults
2025-01,unifying_country,Unifying the country,7.0,False,trend,https://news.gallup.com/file/poll/691031/2025_05_01%20Values%20and%20Beliefs%20Topline_PDF.pdf,gallup_2025-05_topline.pdf Recent Trend 표,What do you think is the most important problem facing this country today? [OPEN-ENDED],US adults
2025-01,war_middle_east,War in the Middle East,0.0,True,trend,https://news.gallup.com/file/poll/691031/2025_05_01%20Values%20and%20Beliefs%20Topline_PDF.pdf,"gallup_2025-05_topline.pdf Recent Trend 표 ('*' = 0.5% 미만, 0으로 기록)",What do you think is the most important problem facing this country today? [OPEN-ENDED],US adults
2025-01,wars_nonspecific,Wars/War (nonspecific)/Fear of war,1.0,False,trend,https://news.gallup.com/file/poll/691031/2025_05_01%20Values%20and%20Beliefs%20Topline_PDF.pdf,gallup_2025-05_topline.pdf Recent Trend 표,What do you think is the most important problem facing this country today? [OPEN-ENDED],US adults
2025-02,crime_violence,Crime/Violence,1.0,False,trend,https://news.gallup.com/file/poll/691031/2025_05_01%20Values%20and%20Beliefs%20Topline_PDF.pdf,gallup_2025-05_topline.pdf Recent Trend 표,What do you think is the most important problem facing this country today? [OPEN-ENDED],US adults
2025-02,economy_general,Economy in general,16.0,False,trend,https://news.gallup.com/file/poll/691031/2025_05_01%20Values%20and%20Beliefs%20Topline_PDF.pdf,gallup_2025-05_topline.pdf Recent Trend 표,What do you think is the most important problem facing this country today? [OPEN-ENDED],US adults
2025-02,foreign_policy_aid,Foreign policy/Foreign aid/Focus overseas,1.0,False,trend,https://news.gallup.com/file/poll/691031/2025_05_01%20Values%20and%20Beliefs%20Topline_PDF.pdf,gallup_2025-05_topline.pdf Recent Trend 표,What do you think is the most important problem facing this country today? [OPEN-ENDED],US adults
2025-02,govt_poor_leadership,The government/Poor leadership,27.0,False,trend,https://news.gallup.com/file/poll/691031/2025_05_01%20Values%20and%20Beliefs%20Topline_PDF.pdf,gallup_2025-05_topline.pdf Recent Trend 표,What do you think is the most important problem facing this country today? [OPEN-ENDED],US adults
2025-02,immigration,Immigration,18.0,False,trend,https://news.gallup.com/file/poll/691031/2025_05_01%20Values%20and%20Beliefs%20Topline_PDF.pdf,gallup_2025-05_topline.pdf Recent Trend 표,What do you think is the most important problem facing this country today? [OPEN-ENDED],US adults
2025-02,inflation_high_cost,High cost of living/Inflation,8.0,False,trend,https://news.gallup.com/file/poll/691031/2025_05_01%20Values%20and%20Beliefs%20Topline_PDF.pdf,gallup_2025-05_topline.pdf Recent Trend 표,What do you think is the most important problem facing this country today? [OPEN-ENDED],US adults
2025-02,international_issues,"International issues, problems",1.0,False,trend,https://news.gallup.com/file/poll/691031/2025_05_01%20Values%20and%20Beliefs%20Topline_PDF.pdf,gallup_2025-05_topline.pdf Recent Trend 표,What do you think is the most important problem facing this country today? [OPEN-ENDED],US adults
2025-02,unifying_country,Unifying the country,4.0,False,trend,https://news.gallup.com/file/poll/691031/2025_05_01%20Values%20and%20Beliefs%20Topline_PDF.pdf,gallup_2025-05_topline.pdf Recent Trend 표,What do you think is the most important problem facing this country today? [OPEN-ENDED],US adults
2025-02,war_middle_east,War in the Middle East,0.0,True,trend,https://news.gallup.com/file/poll/691031/2025_05_01%20Values%20and%20Beliefs%20Topline_PDF.pdf,"gallup_2025-05_topline.pdf Recent Trend 표 ('*' = 0.5% 미만, 0으로 기록)",What do you think is the most important problem facing this country today? [OPEN-ENDED],US adults
2025-02,wars_nonspecific,Wars/War (nonspecific)/Fear of war,0.0,True,trend,https://news.gallup.com/file/poll/691031/2025_05_01%20Values%20and%20Beliefs%20Topline_PDF.pdf,"gallup_2025-05_topline.pdf Recent Trend 표 ('*' = 0.5% 미만, 0으로 기록)",What do you think is the most important problem facing this country today? [OPEN-ENDED],US adults
2025-03,crime_violence,Crime/Violence,2.0,False,primary,https://news.gallup.com/file/poll/659009/2025_04_09%20Energy%20Topline%20and%20Tabs_MIP.pdf,gallup_2025-03_topline.pdf Recent Trend 표,What do you think is the most important problem facing this country today? [OPEN-ENDED],US adults
2025-03,economy_general,Economy in general,19.0,False,primary,https://news.gallup.com/file/poll/659009/2025_04_09%20Energy%20Topline%20and%20Tabs_MIP.pdf,gallup_2025-03_topline.pdf Recent Trend 표,What do you think is the most important problem facing this country today? [OPEN-ENDED],US adults
2025-03,foreign_policy_aid,Foreign policy/Foreign aid/Focus overseas,3.0,False,primary,https://news.gallup.com/file/poll/659009/2025_04_09%20Energy%20Topline%20and%20Tabs_MIP.pdf,gallup_2025-03_topline.pdf Recent Trend 표,What do you think is the most important problem facing this country today? [OPEN-ENDED],US adults
2025-03,govt_poor_leadership,The government/Poor leadership,27.0,False,primary,https://news.gallup.com/file/poll/659009/2025_04_09%20Energy%20Topline%20and%20Tabs_MIP.pdf,gallup_2025-03_topline.pdf Recent Trend 표,What do you think is the most important problem facing this country today? [OPEN-ENDED],US adults
2025-03,immigration,Immigration,14.0,False,primary,https://news.gallup.com/file/poll/659009/2025_04_09%20Energy%20Topline%20and%20Tabs_MIP.pdf,gallup_2025-03_topline.pdf Recent Trend 표,What do you think is the most important problem facing this country today? [OPEN-ENDED],US adults
2025-03,inflation_high_cost,High cost of living/Inflation,9.0,False,primary,https://news.gallup.com/file/poll/659009/2025_04_09%20Energy%20Topline%20and%20Tabs_MIP.pdf,gallup_2025-03_topline.pdf Recent Trend 표,What do you think is the most important problem facing this country today? [OPEN-ENDED],US adults
2025-03,international_issues,"International issues, problems",3.0,False,primary,https://news.gallup.com/file/poll/659009/2025_04_09%20Energy%20Topline%20and%20Tabs_MIP.pdf,gallup_2025-03_topline.pdf Recent Trend 표,What do you think is the most important problem facing this country today? [OPEN-ENDED],US adults
2025-03,unifying_country,Unifying the country,5.0,False,primary,https://news.gallup.com/file/poll/659009/2025_04_09%20Energy%20Topline%20and%20Tabs_MIP.pdf,gallup_2025-03_topline.pdf Recent Trend 표,What do you think is the most important problem facing this country today? [OPEN-ENDED],US adults
2025-03,war_middle_east,War in the Middle East,0.0,True,primary,https://news.gallup.com/file/poll/659009/2025_04_09%20Energy%20Topline%20and%20Tabs_MIP.pdf,"gallup_2025-03_topline.pdf Recent Trend 표 ('*' = 0.5% 미만, 0으로 기록)",What do you think is the most important problem facing this country today? [OPEN-ENDED],US adults
2025-03,wars_nonspecific,Wars/War (nonspecific)/Fear of war,1.0,False,primary,https://news.gallup.com/file/poll/659009/2025_04_09%20Energy%20Topline%20and%20Tabs_MIP.pdf,gallup_2025-03_topline.pdf Recent Trend 표,What do you think is the most important problem facing this country today? [OPEN-ENDED],US adults
2025-04,crime_violence,Crime/Violence,2.0,False,trend,https://news.gallup.com/file/poll/691031/2025_05_01%20Values%20and%20Beliefs%20Topline_PDF.pdf,gallup_2025-05_topline.pdf Recent Trend 표,What do you think is the most important problem facing this country today? [OPEN-ENDED],US adults
2025-04,economy_general,Economy in general,17.0,False,trend,https://news.gallup.com/file/poll/691031/2025_05_01%20Values%20and%20Beliefs%20Topline_PDF.pdf,gallup_2025-05_topline.pdf Recent Trend 표,What do you think is the most important problem facing this country today? [OPEN-ENDED],US adults
2025-04,foreign_policy_aid,Foreign policy/Foreign aid/Focus overseas,2.0,False,trend,https://news.gallup.com/file/poll/691031/2025_05_01%20Values%20and%20Beliefs%20Topline_PDF.pdf,gallup_2025-05_topline.pdf Recent Trend 표,What do you think is the most important problem facing this country today? [OPEN-ENDED],US adults
2025-04,govt_poor_leadership,The government/Poor leadership,28.0,False,trend,https://news.gallup.com/file/poll/691031/2025_05_01%20Values%20and%20Beliefs%20Topline_PDF.pdf,gallup_2025-05_topline.pdf Recent Trend 표,What do you think is the most important problem facing this country today? [OPEN-ENDED],US adults
2025-04,immigration,Immigration,12.0,False,trend,https://news.gallup.com/file/poll/691031/2025_05_01%20Values%20and%20Beliefs%20Topline_PDF.pdf,gallup_2025-05_topline.pdf Recent Trend 표,What do you think is the most important problem facing this country today? [OPEN-ENDED],US adults
2025-04,inflation_high_cost,High cost of living/Inflation,11.0,False,trend,https://news.gallup.com/file/poll/691031/2025_05_01%20Values%20and%20Beliefs%20Topline_PDF.pdf,gallup_2025-05_topline.pdf Recent Trend 표,What do you think is the most important problem facing this country today? [OPEN-ENDED],US adults
2025-04,international_issues,"International issues, problems",1.0,False,trend,https://news.gallup.com/file/poll/691031/2025_05_01%20Values%20and%20Beliefs%20Topline_PDF.pdf,gallup_2025-05_topline.pdf Recent Trend 표,What do you think is the most important problem facing this country today? [OPEN-ENDED],US adults
2025-04,unifying_country,Unifying the country,5.0,False,trend,https://news.gallup.com/file/poll/691031/2025_05_01%20Values%20and%20Beliefs%20Topline_PDF.pdf,gallup_2025-05_topline.pdf Recent Trend 표,What do you think is the most important problem facing this country today? [OPEN-ENDED],US adults
2025-04,war_middle_east,War in the Middle East,0.0,True,trend,https://news.gallup.com/file/poll/691031/2025_05_01%20Values%20and%20Beliefs%20Topline_PDF.pdf,"gallup_2025-05_topline.pdf Recent Trend 표 ('*' = 0.5% 미만, 0으로 기록)",What do you think is the most important problem facing this country today? [OPEN-ENDED],US adults
2025-04,wars_nonspecific,Wars/War (nonspecific)/Fear of war,2.0,False,trend,https://news.gallup.com/file/poll/691031/2025_05_01%20Values%20and%20Beliefs%20Topline_PDF.pdf,gallup_2025-05_topline.pdf Recent Trend 표,What do you think is the most important problem facing this country today? [OPEN-ENDED],US adults
2025-05,crime_violence,Crime/Violence,3.0,False,primary,https://news.gallup.com/file/poll/691031/2025_05_01%20Values%20and%20Beliefs%20Topline_PDF.pdf,gallup_2025-05_topline.pdf Recent Trend 표,What do you think is the most important problem facing this country today? [OPEN-ENDED],US adults
2025-05,economy_general,Economy in general,16.0,False,primary,https://news.gallup.com/file/poll/691031/2025_05_01%20Values%20and%20Beliefs%20Topline_PDF.pdf,gallup_2025-05_topline.pdf Recent Trend 표,What do you think is the most important problem facing this country today? [OPEN-ENDED],US adults
2025-05,foreign_policy_aid,Foreign policy/Foreign aid/Focus overseas,2.0,False,primary,https://news.gallup.com/file/poll/691031/2025_05_01%20Values%20and%20Beliefs%20Topline_PDF.pdf,gallup_2025-05_topline.pdf Recent Trend 표,What do you think is the most important problem facing this country today? [OPEN-ENDED],US adults
2025-05,govt_poor_leadership,The government/Poor leadership,26.0,False,primary,https://news.gallup.com/file/poll/691031/2025_05_01%20Values%20and%20Beliefs%20Topline_PDF.pdf,gallup_2025-05_topline.pdf Recent Trend 표,What do you think is the most important problem facing this country today? [OPEN-ENDED],US adults
2025-05,immigration,Immigration,13.0,False,primary,https://news.gallup.com/file/poll/691031/2025_05_01%20Values%20and%20Beliefs%20Topline_PDF.pdf,gallup_2025-05_topline.pdf Recent Trend 표,What do you think is the most important problem facing this country today? [OPEN-ENDED],US adults
2025-05,inflation_high_cost,High cost of living/Inflation,8.0,False,primary,https://news.gallup.com/file/poll/691031/2025_05_01%20Values%20and%20Beliefs%20Topline_PDF.pdf,gallup_2025-05_topline.pdf Recent Trend 표,What do you think is the most important problem facing this country today? [OPEN-ENDED],US adults
2025-05,international_issues,"International issues, problems",1.0,False,primary,https://news.gallup.com/file/poll/691031/2025_05_01%20Values%20and%20Beliefs%20Topline_PDF.pdf,gallup_2025-05_topline.pdf Recent Trend 표,What do you think is the most important problem facing this country today? [OPEN-ENDED],US adults
2025-05,unifying_country,Unifying the country,4.0,False,primary,https://news.gallup.com/file/poll/691031/2025_05_01%20Values%20and%20Beliefs%20Topline_PDF.pdf,gallup_2025-05_topline.pdf Recent Trend 표,What do you think is the most important problem facing this country today? [OPEN-ENDED],US adults
2025-05,war_middle_east,War in the Middle East,0.0,True,primary,https://news.gallup.com/file/poll/691031/2025_05_01%20Values%20and%20Beliefs%20Topline_PDF.pdf,"gallup_2025-05_topline.pdf Recent Trend 표 ('*' = 0.5% 미만, 0으로 기록)",What do you think is the most important problem facing this country today? [OPEN-ENDED],US adults
2025-05,wars_nonspecific,Wars/War (nonspecific)/Fear of war,1.0,False,primary,https://news.gallup.com/file/poll/691031/2025_05_01%20Values%20and%20Beliefs%20Topline_PDF.pdf,gallup_2025-05_topline.pdf Recent Trend 표,What do you think is the most important problem facing this country today? [OPEN-ENDED],US adults
2025-06,,,,False,missing,,"MIP 미확보(해당 월 토플라인에 문항 없음, 사용자 조사). 보간 금지",What do you think is the most important problem facing this country today? [OPEN-ENDED],US adults
2025-07,,,,False,missing,,"MIP 미확보(해당 월 토플라인에 문항 없음, 사용자 조사). 보간 금지",What do you think is the most important problem facing this country today? [OPEN-ENDED],US adults
2025-08,crime_violence,Crime/Violence,3.0,False,partial,https://news.gallup.com/poll/695519/mood-subdued-crime-unity-concerns-rise.aspx,Gallup 2025-09 기사 본문의 8월 비교치. 8월 다른 범주는 미공개,What do you think is the most important problem facing this country today? [OPEN-ENDED],US adults
2025-09,crime_violence,Crime/Violence,8.0,False,trend,https://news.gallup.com/file/poll/704288/260326Energy.pdf,gallup_2026-03_topline.pdf Recent Trend 표,What do you think is the most important problem facing this country today? [OPEN-ENDED],US adults
2025-09,economy_general,Economy in general,10.0,False,trend,https://news.gallup.com/file/poll/704288/260326Energy.pdf,gallup_2026-03_topline.pdf Recent Trend 표,What do you think is the most important problem facing this country today? [OPEN-ENDED],US adults
2025-09,foreign_policy_aid,Foreign policy/Foreign aid/Focus overseas,0.0,True,trend,https://news.gallup.com/file/poll/704288/260326Energy.pdf,"gallup_2026-03_topline.pdf Recent Trend 표 ('*' = 0.5% 미만, 0으로 기록)",What do you think is the most important problem facing this country today? [OPEN-ENDED],US adults
2025-09,govt_poor_leadership,The government/Poor leadership,28.0,False,trend,https://news.gallup.com/file/poll/704288/260326Energy.pdf,gallup_2026-03_topline.pdf Recent Trend 표,What do you think is the most important problem facing this country today? [OPEN-ENDED],US adults
2025-09,immigration,Immigration,14.0,False,trend,https://news.gallup.com/file/poll/704288/260326Energy.pdf,gallup_2026-03_topline.pdf Recent Trend 표,What do you think is the most important problem facing this country today? [OPEN-ENDED],US adults
2025-09,inflation_high_cost,High cost of living/Inflation,6.0,False,trend,https://news.gallup.com/file/poll/704288/260326Energy.pdf,gallup_2026-03_topline.pdf Recent Trend 표,What do you think is the most important problem facing this country today? [OPEN-ENDED],US adults
2025-09,international_issues,"International issues, problems",1.0,False,trend,https://news.gallup.com/file/poll/704288/260326Energy.pdf,gallup_2026-03_topline.pdf Recent Trend 표,What do you think is the most important problem facing this country today? [OPEN-ENDED],US adults
2025-09,unifying_country,Unifying the country,10.0,False,trend,https://news.gallup.com/file/poll/704288/260326Energy.pdf,gallup_2026-03_topline.pdf Recent Trend 표,What do you think is the most important problem facing this country today? [OPEN-ENDED],US adults
2025-09,war_middle_east,War in the Middle East,1.0,False,trend,https://news.gallup.com/file/poll/704288/260326Energy.pdf,gallup_2026-03_topline.pdf Recent Trend 표,What do you think is the most important problem facing this country today? [OPEN-ENDED],US adults
2025-09,wars_nonspecific,Wars/War (nonspecific)/Fear of war,2.0,False,trend,https://news.gallup.com/file/poll/704288/260326Energy.pdf,gallup_2026-03_topline.pdf Recent Trend 표,What do you think is the most important problem facing this country today? [OPEN-ENDED],US adults
2025-10,crime_violence,Crime/Violence,6.0,False,trend,https://news.gallup.com/file/poll/704288/260326Energy.pdf,gallup_2026-03_topline.pdf Recent Trend 표,What do you think is the most important problem facing this country today? [OPEN-ENDED],US adults
2025-10,economy_general,Economy in general,10.0,False,trend,https://news.gallup.com/file/poll/704288/260326Energy.pdf,gallup_2026-03_topline.pdf Recent Trend 표,What do you think is the most important problem facing this country today? [OPEN-ENDED],US adults
2025-10,foreign_policy_aid,Foreign policy/Foreign aid/Focus overseas,1.0,False,trend,https://news.gallup.com/file/poll/704288/260326Energy.pdf,gallup_2026-03_topline.pdf Recent Trend 표,What do you think is the most important problem facing this country today? [OPEN-ENDED],US adults
2025-10,govt_poor_leadership,The government/Poor leadership,28.0,False,trend,https://news.gallup.com/file/poll/704288/260326Energy.pdf,gallup_2026-03_topline.pdf Recent Trend 표,What do you think is the most important problem facing this country today? [OPEN-ENDED],US adults
2025-10,immigration,Immigration,16.0,False,trend,https://news.gallup.com/file/poll/704288/260326Energy.pdf,gallup_2026-03_topline.pdf Recent Trend 표,What do you think is the most important problem facing this country today? [OPEN-ENDED],US adults
2025-10,inflation_high_cost,High cost of living/Inflation,8.0,False,trend,https://news.gallup.com/file/poll/704288/260326Energy.pdf,gallup_2026-03_topline.pdf Recent Trend 표,What do you think is the most important problem facing this country today? [OPEN-ENDED],US adults
2025-10,international_issues,"International issues, problems",1.0,False,trend,https://news.gallup.com/file/poll/704288/260326Energy.pdf,gallup_2026-03_topline.pdf Recent Trend 표,What do you think is the most important problem facing this country today? [OPEN-ENDED],US adults
2025-10,unifying_country,Unifying the country,8.0,False,trend,https://news.gallup.com/file/poll/704288/260326Energy.pdf,gallup_2026-03_topline.pdf Recent Trend 표,What do you think is the most important problem facing this country today? [OPEN-ENDED],US adults
2025-10,war_middle_east,War in the Middle East,0.0,True,trend,https://news.gallup.com/file/poll/704288/260326Energy.pdf,"gallup_2026-03_topline.pdf Recent Trend 표 ('*' = 0.5% 미만, 0으로 기록)",What do you think is the most important problem facing this country today? [OPEN-ENDED],US adults
2025-10,wars_nonspecific,Wars/War (nonspecific)/Fear of war,1.0,False,trend,https://news.gallup.com/file/poll/704288/260326Energy.pdf,gallup_2026-03_topline.pdf Recent Trend 표,What do you think is the most important problem facing this country today? [OPEN-ENDED],US adults
2025-11,crime_violence,Crime/Violence,3.0,False,trend,https://news.gallup.com/file/poll/704288/260326Energy.pdf,gallup_2026-03_topline.pdf Recent Trend 표,What do you think is the most important problem facing this country today? [OPEN-ENDED],US adults
2025-11,economy_general,Economy in general,12.0,False,trend,https://news.gallup.com/file/poll/704288/260326Energy.pdf,gallup_2026-03_topline.pdf Recent Trend 표,What do you think is the most important problem facing this country today? [OPEN-ENDED],US adults
2025-11,foreign_policy_aid,Foreign policy/Foreign aid/Focus overseas,1.0,False,trend,https://news.gallup.com/file/poll/704288/260326Energy.pdf,gallup_2026-03_topline.pdf Recent Trend 표,What do you think is the most important problem facing this country today? [OPEN-ENDED],US adults
2025-11,govt_poor_leadership,The government/Poor leadership,27.0,False,trend,https://news.gallup.com/file/poll/704288/260326Energy.pdf,gallup_2026-03_topline.pdf Recent Trend 표,What do you think is the most important problem facing this country today? [OPEN-ENDED],US adults
2025-11,immigration,Immigration,13.0,False,trend,https://news.gallup.com/file/poll/704288/260326Energy.pdf,gallup_2026-03_topline.pdf Recent Trend 표,What do you think is the most important problem facing this country today? [OPEN-ENDED],US adults
2025-11,inflation_high_cost,High cost of living/Inflation,9.0,False,trend,https://news.gallup.com/file/poll/704288/260326Energy.pdf,gallup_2026-03_topline.pdf Recent Trend 표,What do you think is the most important problem facing this country today? [OPEN-ENDED],US adults
2025-11,international_issues,"International issues, problems",0.0,True,trend,https://news.gallup.com/file/poll/704288/260326Energy.pdf,"gallup_2026-03_topline.pdf Recent Trend 표 ('*' = 0.5% 미만, 0으로 기록)",What do you think is the most important problem facing this country today? [OPEN-ENDED],US adults
2025-11,unifying_country,Unifying the country,9.0,False,trend,https://news.gallup.com/file/poll/704288/260326Energy.pdf,gallup_2026-03_topline.pdf Recent Trend 표,What do you think is the most important problem facing this country today? [OPEN-ENDED],US adults
2025-11,war_middle_east,War in the Middle East,1.0,False,trend,https://news.gallup.com/file/poll/704288/260326Energy.pdf,gallup_2026-03_topline.pdf Recent Trend 표,What do you think is the most important problem facing this country today? [OPEN-ENDED],US adults
2025-11,wars_nonspecific,Wars/War (nonspecific)/Fear of war,1.0,False,trend,https://news.gallup.com/file/poll/704288/260326Energy.pdf,gallup_2026-03_topline.pdf Recent Trend 표,What do you think is the most important problem facing this country today? [OPEN-ENDED],US adults
2025-12,crime_violence,Crime/Violence,5.0,False,trend,https://news.gallup.com/file/poll/704288/260326Energy.pdf,gallup_2026-03_topline.pdf Recent Trend 표,What do you think is the most important problem facing this country today? [OPEN-ENDED],US adults
2025-12,economy_general,Economy in general,17.0,False,trend,https://news.gallup.com/file/poll/704288/260326Energy.pdf,gallup_2026-03_topline.pdf Recent Trend 표,What do you think is the most important problem facing this country today? [OPEN-ENDED],US adults
2025-12,foreign_policy_aid,Foreign policy/Foreign aid/Focus overseas,2.0,False,trend,https://news.gallup.com/file/poll/704288/260326Energy.pdf,gallup_2026-03_topline.pdf Recent Trend 표,What do you think is the most important problem facing this country today? [OPEN-ENDED],US adults
2025-12,govt_poor_leadership,The government/Poor leadership,26.0,False,trend,https://news.gallup.com/file/poll/704288/260326Energy.pdf,gallup_2026-03_topline.pdf Recent Trend 표,What do you think is the most important problem facing this country today? [OPEN-ENDED],US adults
2025-12,immigration,Immigration,19.0,False,trend,https://news.gallup.com/file/poll/704288/260326Energy.pdf,gallup_2026-03_topline.pdf Recent Trend 표,What do you think is the most important problem facing this country today? [OPEN-ENDED],US adults
2025-12,inflation_high_cost,High cost of living/Inflation,11.0,False,trend,https://news.gallup.com/file/poll/704288/260326Energy.pdf,gallup_2026-03_topline.pdf Recent Trend 표,What do you think is the most important problem facing this country today? [OPEN-ENDED],US adults
2025-12,international_issues,"International issues, problems",1.0,False,trend,https://news.gallup.com/file/poll/704288/260326Energy.pdf,gallup_2026-03_topline.pdf Recent Trend 표,What do you think is the most important problem facing this country today? [OPEN-ENDED],US adults
2025-12,unifying_country,Unifying the country,7.0,False,trend,https://news.gallup.com/file/poll/704288/260326Energy.pdf,gallup_2026-03_topline.pdf Recent Trend 표,What do you think is the most important problem facing this country today? [OPEN-ENDED],US adults
2025-12,war_middle_east,War in the Middle East,0.0,True,trend,https://news.gallup.com/file/poll/704288/260326Energy.pdf,"gallup_2026-03_topline.pdf Recent Trend 표 ('*' = 0.5% 미만, 0으로 기록)",What do you think is the most important problem facing this country today? [OPEN-ENDED],US adults
2025-12,wars_nonspecific,Wars/War (nonspecific)/Fear of war,1.0,False,trend,https://news.gallup.com/file/poll/704288/260326Energy.pdf,gallup_2026-03_topline.pdf Recent Trend 표,What do you think is the most important problem facing this country today? [OPEN-ENDED],US adults
2026-01,crime_violence,Crime/Violence,4.0,False,trend,https://news.gallup.com/file/poll/713027/2026_07_23_ECI%20and%20MIP%20Topline%20and%20Tabs.pdf,gallup_2026-07_topline.pdf Recent Trend 표,What do you think is the most important problem facing this country today? [OPEN-ENDED],US adults
2026-01,economy_general,Economy in general,9.0,False,trend,https://news.gallup.com/file/poll/713027/2026_07_23_ECI%20and%20MIP%20Topline%20and%20Tabs.pdf,gallup_2026-07_topline.pdf Recent Trend 표,What do you think is the most important problem facing this country today? [OPEN-ENDED],US adults
2026-01,foreign_policy_aid,Foreign policy/Foreign aid/Focus overseas,2.0,False,trend,https://news.gallup.com/file/poll/713027/2026_07_23_ECI%20and%20MIP%20Topline%20and%20Tabs.pdf,gallup_2026-07_topline.pdf Recent Trend 표,What do you think is the most important problem facing this country today? [OPEN-ENDED],US adults
2026-01,govt_poor_leadership,The government/Poor leadership,32.0,False,trend,https://news.gallup.com/file/poll/713027/2026_07_23_ECI%20and%20MIP%20Topline%20and%20Tabs.pdf,gallup_2026-07_topline.pdf Recent Trend 표,What do you think is the most important problem facing this country today? [OPEN-ENDED],US adults
2026-01,immigration,Immigration,10.0,False,trend,https://news.gallup.com/file/poll/713027/2026_07_23_ECI%20and%20MIP%20Topline%20and%20Tabs.pdf,gallup_2026-07_topline.pdf Recent Trend 표,What do you think is the most important problem facing this country today? [OPEN-ENDED],US adults
2026-01,inflation_high_cost,High cost of living/Inflation,11.0,False,trend,https://news.gallup.com/file/poll/713027/2026_07_23_ECI%20and%20MIP%20Topline%20and%20Tabs.pdf,gallup_2026-07_topline.pdf Recent Trend 표,What do you think is the most important problem facing this country today? [OPEN-ENDED],US adults
2026-01,international_issues,"International issues, problems",2.0,False,trend,https://news.gallup.com/file/poll/713027/2026_07_23_ECI%20and%20MIP%20Topline%20and%20Tabs.pdf,gallup_2026-07_topline.pdf Recent Trend 표,What do you think is the most important problem facing this country today? [OPEN-ENDED],US adults
2026-01,unifying_country,Unifying the country,7.0,False,trend,https://news.gallup.com/file/poll/713027/2026_07_23_ECI%20and%20MIP%20Topline%20and%20Tabs.pdf,gallup_2026-07_topline.pdf Recent Trend 표,What do you think is the most important problem facing this country today? [OPEN-ENDED],US adults
2026-01,war_middle_east,War in the Middle East,1.0,False,trend,https://news.gallup.com/file/poll/713027/2026_07_23_ECI%20and%20MIP%20Topline%20and%20Tabs.pdf,gallup_2026-07_topline.pdf Recent Trend 표,What do you think is the most important problem facing this country today? [OPEN-ENDED],US adults
2026-01,wars_nonspecific,Wars/War (nonspecific)/Fear of war,3.0,False,trend,https://news.gallup.com/file/poll/713027/2026_07_23_ECI%20and%20MIP%20Topline%20and%20Tabs.pdf,gallup_2026-07_topline.pdf Recent Trend 표,What do you think is the most important problem facing this country today? [OPEN-ENDED],US adults
2026-02,crime_violence,Crime/Violence,4.0,False,trend,https://news.gallup.com/file/poll/713027/2026_07_23_ECI%20and%20MIP%20Topline%20and%20Tabs.pdf,gallup_2026-07_topline.pdf Recent Trend 표,What do you think is the most important problem facing this country today? [OPEN-ENDED],US adults
2026-02,economy_general,Economy in general,11.0,False,trend,https://news.gallup.com/file/poll/713027/2026_07_23_ECI%20and%20MIP%20Topline%20and%20Tabs.pdf,gallup_2026-07_topline.pdf Recent Trend 표,What do you think is the most important problem facing this country today? [OPEN-ENDED],US adults
2026-02,foreign_policy_aid,Foreign policy/Foreign aid/Focus overseas,1.0,False,trend,https://news.gallup.com/file/poll/713027/2026_07_23_ECI%20and%20MIP%20Topline%20and%20Tabs.pdf,gallup_2026-07_topline.pdf Recent Trend 표,What do you think is the most important problem facing this country today? [OPEN-ENDED],US adults
2026-02,govt_poor_leadership,The government/Poor leadership,29.0,False,trend,https://news.gallup.com/file/poll/713027/2026_07_23_ECI%20and%20MIP%20Topline%20and%20Tabs.pdf,gallup_2026-07_topline.pdf Recent Trend 표,What do you think is the most important problem facing this country today? [OPEN-ENDED],US adults
2026-02,immigration,Immigration,20.0,False,trend,https://news.gallup.com/file/poll/713027/2026_07_23_ECI%20and%20MIP%20Topline%20and%20Tabs.pdf,gallup_2026-07_topline.pdf Recent Trend 표,What do you think is the most important problem facing this country today? [OPEN-ENDED],US adults
2026-02,inflation_high_cost,High cost of living/Inflation,8.0,False,trend,https://news.gallup.com/file/poll/713027/2026_07_23_ECI%20and%20MIP%20Topline%20and%20Tabs.pdf,gallup_2026-07_topline.pdf Recent Trend 표,What do you think is the most important problem facing this country today? [OPEN-ENDED],US adults
2026-02,international_issues,"International issues, problems",1.0,False,trend,https://news.gallup.com/file/poll/713027/2026_07_23_ECI%20and%20MIP%20Topline%20and%20Tabs.pdf,gallup_2026-07_topline.pdf Recent Trend 표,What do you think is the most important problem facing this country today? [OPEN-ENDED],US adults
2026-02,unifying_country,Unifying the country,7.0,False,trend,https://news.gallup.com/file/poll/713027/2026_07_23_ECI%20and%20MIP%20Topline%20and%20Tabs.pdf,gallup_2026-07_topline.pdf Recent Trend 표,What do you think is the most important problem facing this country today? [OPEN-ENDED],US adults
2026-02,war_middle_east,War in the Middle East,0.0,True,trend,https://news.gallup.com/file/poll/713027/2026_07_23_ECI%20and%20MIP%20Topline%20and%20Tabs.pdf,"gallup_2026-07_topline.pdf Recent Trend 표 ('*' = 0.5% 미만, 0으로 기록)",What do you think is the most important problem facing this country today? [OPEN-ENDED],US adults
2026-02,wars_nonspecific,Wars/War (nonspecific)/Fear of war,1.0,False,trend,https://news.gallup.com/file/poll/713027/2026_07_23_ECI%20and%20MIP%20Topline%20and%20Tabs.pdf,gallup_2026-07_topline.pdf Recent Trend 표,What do you think is the most important problem facing this country today? [OPEN-ENDED],US adults
2026-03,crime_violence,Crime/Violence,2.0,False,primary,https://news.gallup.com/file/poll/704288/260326Energy.pdf,gallup_2026-03_topline.pdf Recent Trend 표,What do you think is the most important problem facing this country today? [OPEN-ENDED],US adults
2026-03,economy_general,Economy in general,15.0,False,primary,https://news.gallup.com/file/poll/704288/260326Energy.pdf,gallup_2026-03_topline.pdf Recent Trend 표,What do you think is the most important problem facing this country today? [OPEN-ENDED],US adults
2026-03,foreign_policy_aid,Foreign policy/Foreign aid/Focus overseas,1.0,False,primary,https://news.gallup.com/file/poll/704288/260326Energy.pdf,gallup_2026-03_topline.pdf Recent Trend 표,What do you think is the most important problem facing this country today? [OPEN-ENDED],US adults
2026-03,govt_poor_leadership,The government/Poor leadership,28.0,False,primary,https://news.gallup.com/file/poll/704288/260326Energy.pdf,gallup_2026-03_topline.pdf Recent Trend 표,What do you think is the most important problem facing this country today? [OPEN-ENDED],US adults
2026-03,immigration,Immigration,14.0,False,primary,https://news.gallup.com/file/poll/704288/260326Energy.pdf,gallup_2026-03_topline.pdf Recent Trend 표,What do you think is the most important problem facing this country today? [OPEN-ENDED],US adults
2026-03,inflation_high_cost,High cost of living/Inflation,10.0,False,primary,https://news.gallup.com/file/poll/704288/260326Energy.pdf,gallup_2026-03_topline.pdf Recent Trend 표,What do you think is the most important problem facing this country today? [OPEN-ENDED],US adults
2026-03,international_issues,"International issues, problems",1.0,False,primary,https://news.gallup.com/file/poll/704288/260326Energy.pdf,gallup_2026-03_topline.pdf Recent Trend 표,What do you think is the most important problem facing this country today? [OPEN-ENDED],US adults
2026-03,unifying_country,Unifying the country,5.0,False,primary,https://news.gallup.com/file/poll/704288/260326Energy.pdf,gallup_2026-03_topline.pdf Recent Trend 표,What do you think is the most important problem facing this country today? [OPEN-ENDED],US adults
2026-03,war_middle_east,War in the Middle East,5.0,False,primary,https://news.gallup.com/file/poll/704288/260326Energy.pdf,gallup_2026-03_topline.pdf Recent Trend 표,What do you think is the most important problem facing this country today? [OPEN-ENDED],US adults
2026-03,wars_nonspecific,Wars/War (nonspecific)/Fear of war,3.0,False,primary,https://news.gallup.com/file/poll/704288/260326Energy.pdf,gallup_2026-03_topline.pdf Recent Trend 표,What do you think is the most important problem facing this country today? [OPEN-ENDED],US adults
2026-04,crime_violence,Crime/Violence,2.0,False,trend,https://news.gallup.com/file/poll/713027/2026_07_23_ECI%20and%20MIP%20Topline%20and%20Tabs.pdf,gallup_2026-07_topline.pdf Recent Trend 표,What do you think is the most important problem facing this country today? [OPEN-ENDED],US adults
2026-04,economy_general,Economy in general,13.0,False,trend,https://news.gallup.com/file/poll/713027/2026_07_23_ECI%20and%20MIP%20Topline%20and%20Tabs.pdf,gallup_2026-07_topline.pdf Recent Trend 표,What do you think is the most important problem facing this country today? [OPEN-ENDED],US adults
2026-04,foreign_policy_aid,Foreign policy/Foreign aid/Focus overseas,1.0,False,trend,https://news.gallup.com/file/poll/713027/2026_07_23_ECI%20and%20MIP%20Topline%20and%20Tabs.pdf,gallup_2026-07_topline.pdf Recent Trend 표,What do you think is the most important problem facing this country today? [OPEN-ENDED],US adults
2026-04,govt_poor_leadership,The government/Poor leadership,28.0,False,trend,https://news.gallup.com/file/poll/713027/2026_07_23_ECI%20and%20MIP%20Topline%20and%20Tabs.pdf,gallup_2026-07_topline.pdf Recent Trend 표,What do you think is the most important problem facing this country today? [OPEN-ENDED],US adults
2026-04,immigration,Immigration,11.0,False,trend,https://news.gallup.com/file/poll/713027/2026_07_23_ECI%20and%20MIP%20Topline%20and%20Tabs.pdf,gallup_2026-07_topline.pdf Recent Trend 표,What do you think is the most important problem facing this country today? [OPEN-ENDED],US adults
2026-04,inflation_high_cost,High cost of living/Inflation,11.0,False,trend,https://news.gallup.com/file/poll/713027/2026_07_23_ECI%20and%20MIP%20Topline%20and%20Tabs.pdf,gallup_2026-07_topline.pdf Recent Trend 표,What do you think is the most important problem facing this country today? [OPEN-ENDED],US adults
2026-04,international_issues,"International issues, problems",1.0,False,trend,https://news.gallup.com/file/poll/713027/2026_07_23_ECI%20and%20MIP%20Topline%20and%20Tabs.pdf,gallup_2026-07_topline.pdf Recent Trend 표,What do you think is the most important problem facing this country today? [OPEN-ENDED],US adults
2026-04,unifying_country,Unifying the country,4.0,False,trend,https://news.gallup.com/file/poll/713027/2026_07_23_ECI%20and%20MIP%20Topline%20and%20Tabs.pdf,gallup_2026-07_topline.pdf Recent Trend 표,What do you think is the most important problem facing this country today? [OPEN-ENDED],US adults
2026-04,war_middle_east,War in the Middle East,8.0,False,trend,https://news.gallup.com/file/poll/713027/2026_07_23_ECI%20and%20MIP%20Topline%20and%20Tabs.pdf,gallup_2026-07_topline.pdf Recent Trend 표,What do you think is the most important problem facing this country today? [OPEN-ENDED],US adults
2026-04,wars_nonspecific,Wars/War (nonspecific)/Fear of war,5.0,False,trend,https://news.gallup.com/file/poll/713027/2026_07_23_ECI%20and%20MIP%20Topline%20and%20Tabs.pdf,gallup_2026-07_topline.pdf Recent Trend 표,What do you think is the most important problem facing this country today? [OPEN-ENDED],US adults
2026-05,crime_violence,Crime/Violence,2.0,False,trend,https://news.gallup.com/file/poll/713027/2026_07_23_ECI%20and%20MIP%20Topline%20and%20Tabs.pdf,gallup_2026-07_topline.pdf Recent Trend 표,What do you think is the most important problem facing this country today? [OPEN-ENDED],US adults
2026-05,economy_general,Economy in general,13.0,False,trend,https://news.gallup.com/file/poll/713027/2026_07_23_ECI%20and%20MIP%20Topline%20and%20Tabs.pdf,gallup_2026-07_topline.pdf Recent Trend 표,What do you think is the most important problem facing this country today? [OPEN-ENDED],US adults
2026-05,foreign_policy_aid,Foreign policy/Foreign aid/Focus overseas,0.0,True,trend,https://news.gallup.com/file/poll/713027/2026_07_23_ECI%20and%20MIP%20Topline%20and%20Tabs.pdf,"gallup_2026-07_topline.pdf Recent Trend 표 ('*' = 0.5% 미만, 0으로 기록)",What do you think is the most important problem facing this country today? [OPEN-ENDED],US adults
2026-05,govt_poor_leadership,The government/Poor leadership,26.0,False,trend,https://news.gallup.com/file/poll/713027/2026_07_23_ECI%20and%20MIP%20Topline%20and%20Tabs.pdf,gallup_2026-07_topline.pdf Recent Trend 표,What do you think is the most important problem facing this country today? [OPEN-ENDED],US adults
2026-05,immigration,Immigration,8.0,False,trend,https://news.gallup.com/file/poll/713027/2026_07_23_ECI%20and%20MIP%20Topline%20and%20Tabs.pdf,gallup_2026-07_topline.pdf Recent Trend 표,What do you think is the most important problem facing this country today? [OPEN-ENDED],US adults
2026-05,inflation_high_cost,High cost of living/Inflation,15.0,False,trend,https://news.gallup.com/file/poll/713027/2026_07_23_ECI%20and%20MIP%20Topline%20and%20Tabs.pdf,gallup_2026-07_topline.pdf Recent Trend 표,What do you think is the most important problem facing this country today? [OPEN-ENDED],US adults
2026-05,international_issues,"International issues, problems",1.0,False,trend,https://news.gallup.com/file/poll/713027/2026_07_23_ECI%20and%20MIP%20Topline%20and%20Tabs.pdf,gallup_2026-07_topline.pdf Recent Trend 표,What do you think is the most important problem facing this country today? [OPEN-ENDED],US adults
2026-05,unifying_country,Unifying the country,5.0,False,trend,https://news.gallup.com/file/poll/713027/2026_07_23_ECI%20and%20MIP%20Topline%20and%20Tabs.pdf,gallup_2026-07_topline.pdf Recent Trend 표,What do you think is the most important problem facing this country today? [OPEN-ENDED],US adults
2026-05,war_middle_east,War in the Middle East,5.0,False,trend,https://news.gallup.com/file/poll/713027/2026_07_23_ECI%20and%20MIP%20Topline%20and%20Tabs.pdf,gallup_2026-07_topline.pdf Recent Trend 표,What do you think is the most important problem facing this country today? [OPEN-ENDED],US adults
2026-05,wars_nonspecific,Wars/War (nonspecific)/Fear of war,4.0,False,trend,https://news.gallup.com/file/poll/713027/2026_07_23_ECI%20and%20MIP%20Topline%20and%20Tabs.pdf,gallup_2026-07_topline.pdf Recent Trend 표,What do you think is the most important problem facing this country today? [OPEN-ENDED],US adults
2026-06,crime_violence,Crime/Violence,2.0,False,trend,https://news.gallup.com/file/poll/713027/2026_07_23_ECI%20and%20MIP%20Topline%20and%20Tabs.pdf,gallup_2026-07_topline.pdf Recent Trend 표,What do you think is the most important problem facing this country today? [OPEN-ENDED],US adults
2026-06,economy_general,Economy in general,13.0,False,trend,https://news.gallup.com/file/poll/713027/2026_07_23_ECI%20and%20MIP%20Topline%20and%20Tabs.pdf,gallup_2026-07_topline.pdf Recent Trend 표,What do you think is the most important problem facing this country today? [OPEN-ENDED],US adults
2026-06,foreign_policy_aid,Foreign policy/Foreign aid/Focus overseas,2.0,False,trend,https://news.gallup.com/file/poll/713027/2026_07_23_ECI%20and%20MIP%20Topline%20and%20Tabs.pdf,gallup_2026-07_topline.pdf Recent Trend 표,What do you think is the most important problem facing this country today? [OPEN-ENDED],US adults
2026-06,govt_poor_leadership,The government/Poor leadership,26.0,False,trend,https://news.gallup.com/file/poll/713027/2026_07_23_ECI%20and%20MIP%20Topline%20and%20Tabs.pdf,gallup_2026-07_topline.pdf Recent Trend 표,What do you think is the most important problem facing this country today? [OPEN-ENDED],US adults
2026-06,immigration,Immigration,9.0,False,trend,https://news.gallup.com/file/poll/713027/2026_07_23_ECI%20and%20MIP%20Topline%20and%20Tabs.pdf,gallup_2026-07_topline.pdf Recent Trend 표,What do you think is the most important problem facing this country today? [OPEN-ENDED],US adults
2026-06,inflation_high_cost,High cost of living/Inflation,14.0,False,trend,https://news.gallup.com/file/poll/713027/2026_07_23_ECI%20and%20MIP%20Topline%20and%20Tabs.pdf,gallup_2026-07_topline.pdf Recent Trend 표,What do you think is the most important problem facing this country today? [OPEN-ENDED],US adults
2026-06,international_issues,"International issues, problems",0.0,True,trend,https://news.gallup.com/file/poll/713027/2026_07_23_ECI%20and%20MIP%20Topline%20and%20Tabs.pdf,"gallup_2026-07_topline.pdf Recent Trend 표 ('*' = 0.5% 미만, 0으로 기록)",What do you think is the most important problem facing this country today? [OPEN-ENDED],US adults
2026-06,unifying_country,Unifying the country,5.0,False,trend,https://news.gallup.com/file/poll/713027/2026_07_23_ECI%20and%20MIP%20Topline%20and%20Tabs.pdf,gallup_2026-07_topline.pdf Recent Trend 표,What do you think is the most important problem facing this country today? [OPEN-ENDED],US adults
2026-06,war_middle_east,War in the Middle East,4.0,False,trend,https://news.gallup.com/file/poll/713027/2026_07_23_ECI%20and%20MIP%20Topline%20and%20Tabs.pdf,gallup_2026-07_topline.pdf Recent Trend 표,What do you think is the most important problem facing this country today? [OPEN-ENDED],US adults
2026-06,wars_nonspecific,Wars/War (nonspecific)/Fear of war,3.0,False,trend,https://news.gallup.com/file/poll/713027/2026_07_23_ECI%20and%20MIP%20Topline%20and%20Tabs.pdf,gallup_2026-07_topline.pdf Recent Trend 표,What do you think is the most important problem facing this country today? [OPEN-ENDED],US adults
2026-07,crime_violence,Crime/Violence,2.0,False,primary,https://news.gallup.com/file/poll/713027/2026_07_23_ECI%20and%20MIP%20Topline%20and%20Tabs.pdf,gallup_2026-07_topline.pdf Recent Trend 표,What do you think is the most important problem facing this country today? [OPEN-ENDED],US adults
2026-07,economy_general,Economy in general,11.0,False,primary,https://news.gallup.com/file/poll/713027/2026_07_23_ECI%20and%20MIP%20Topline%20and%20Tabs.pdf,gallup_2026-07_topline.pdf Recent Trend 표,What do you think is the most important problem facing this country today? [OPEN-ENDED],US adults
2026-07,foreign_policy_aid,Foreign policy/Foreign aid/Focus overseas,2.0,False,primary,https://news.gallup.com/file/poll/713027/2026_07_23_ECI%20and%20MIP%20Topline%20and%20Tabs.pdf,gallup_2026-07_topline.pdf Recent Trend 표,What do you think is the most important problem facing this country today? [OPEN-ENDED],US adults
2026-07,govt_poor_leadership,The government/Poor leadership,28.0,False,primary,https://news.gallup.com/file/poll/713027/2026_07_23_ECI%20and%20MIP%20Topline%20and%20Tabs.pdf,gallup_2026-07_topline.pdf Recent Trend 표,What do you think is the most important problem facing this country today? [OPEN-ENDED],US adults
2026-07,immigration,Immigration,12.0,False,primary,https://news.gallup.com/file/poll/713027/2026_07_23_ECI%20and%20MIP%20Topline%20and%20Tabs.pdf,gallup_2026-07_topline.pdf Recent Trend 표,What do you think is the most important problem facing this country today? [OPEN-ENDED],US adults
2026-07,inflation_high_cost,High cost of living/Inflation,11.0,False,primary,https://news.gallup.com/file/poll/713027/2026_07_23_ECI%20and%20MIP%20Topline%20and%20Tabs.pdf,gallup_2026-07_topline.pdf Recent Trend 표,What do you think is the most important problem facing this country today? [OPEN-ENDED],US adults
2026-07,international_issues,"International issues, problems",0.0,True,primary,https://news.gallup.com/file/poll/713027/2026_07_23_ECI%20and%20MIP%20Topline%20and%20Tabs.pdf,"gallup_2026-07_topline.pdf Recent Trend 표 ('*' = 0.5% 미만, 0으로 기록)",What do you think is the most important problem facing this country today? [OPEN-ENDED],US adults
2026-07,unifying_country,Unifying the country,6.0,False,primary,https://news.gallup.com/file/poll/713027/2026_07_23_ECI%20and%20MIP%20Topline%20and%20Tabs.pdf,gallup_2026-07_topline.pdf Recent Trend 표,What do you think is the most important problem facing this country today? [OPEN-ENDED],US adults
2026-07,war_middle_east,War in the Middle East,3.0,False,primary,https://news.gallup.com/file/poll/713027/2026_07_23_ECI%20and%20MIP%20Topline%20and%20Tabs.pdf,gallup_2026-07_topline.pdf Recent Trend 표,What do you think is the most important problem facing this country today? [OPEN-ENDED],US adults
2026-07,wars_nonspecific,Wars/War (nonspecific)/Fear of war,2.0,False,primary,https://news.gallup.com/file/poll/713027/2026_07_23_ECI%20and%20MIP%20Topline%20and%20Tabs.pdf,gallup_2026-07_topline.pdf Recent Trend 표,What do you think is the most important problem facing this country today? [OPEN-ENDED],US adults
2026-08,,,,False,missing,,"MIP 미확보(해당 월 토플라인에 문항 없음, 사용자 조사). 보간 금지",What do you think is the most important problem facing this country today? [OPEN-ENDED],US adults
2026-09,,,,False,excluded,,"제외: USA Today 칼럼 인용 2차 출처뿐이고 Gallup 원본 미확인, 인용 수치도 출처마다 엇갈림",What do you think is the most important problem facing this country today? [OPEN-ENDED],US adults
