trump_topic,trump_topic_ko,trump_topic_en,include_in_comparison,gallup_categories,gallup_label_verbatim,yougov_issues,apnorc_items,match,note
tariffs_trade,관세·무역,tariffs & trade,yes,economy_general+inflation_high_cost,"Economy in general + High cost of living/Inflation","Jobs and the economy+Inflation/prices","Trade/free trade agreements/tariffs;Inflation;Economy, general",partial,"Gallup splits the two; sum them for comparison"
crime_immigration,범죄·이민 단속,crime & immigration enforcement,yes,immigration|crime_violence,"Immigration; Crime/Violence","Immigration|Crime and criminal justice reform","Immigration/border wall/family separation/DACA/ICE;Crime/violence/hate crime",direct,"Trump merges what Gallup splits — show both series with a note"
iran_war,이란·전쟁 외교,Iran & war diplomacy,yes,war_middle_east+wars_nonspecific+foreign_policy_aid,"War in the Middle East + Wars/War (nonspecific)/Fear of war + Foreign policy/Foreign aid/Focus overseas","National Security and foreign policy","Foreign policy issues (not including immigration)",direct,"sum war-related categories; usually single digits — the gap itself is the story"
gop_legislation,공화당·입법,GOP & legislation,yes,govt_poor_leadership,"The government/Poor leadership",,,approximate,"approximate match — label as such on the chart; YouGov has no leadership category"
courts_nominations,법원·인사 지명,courts & nominations,no,,,,,,"judicial salience negligible in MIP"
endorsements,지지 선언,endorsements,no,,,,,,"campaign activity, not an issue"
thanks_greetings,축하·감사,thanks & greetings,no,,,,,,"not an issue"
shared_headlines,기사 헤드라인 공유,headline sharing,no,,,,,,"content-dependent; consider reclassification in v2"
white_house_construction,백악관 공사,White House construction,no,,,,,,"no counterpart category"
media_opponents,언론·정적 언급,media & opponents,no,,,,,,"not an issue (label v2: renamed from '언론·정적 공격')"
