month,survey_dates,n,economy_general,inflation_high_cost,immigration,crime_violence,govt_poor_leadership,foreign_policy_aid,international_issues,war_middle_east,wars_nonspecific,unifying_country,data_quality,source_url,notes
2025-01,2025-01-02/15,,14,12,13,5,23,2,,,,1,,trend,https://news.gallup.com/file/poll/659009/2025_04_09%20Energy%20Topline%20and%20Tabs_MIP.pdf,"trend column in Mar 2025 Environment topline; n not stated"
2025-02,2025-02-03/16,,16,8,18,1,27,1,1,,,,,trend,https://news.gallup.com/file/poll/659009/2025_04_09%20Energy%20Topline%20and%20Tabs_MIP.pdf,"trend column; n not stated"
2025-03,2025-03-03/16,1002,19,9,14,2,27,3,3,,,1,,primary,https://news.gallup.com/file/poll/659009/2025_04_09%20Energy%20Topline%20and%20Tabs_MIP.pdf,""
2025-04,2025-04-01/14,,17,11,12,2,28,2,1,,,2,,trend,https://news.gallup.com/file/poll/691031/2025_05_01%20Values%20and%20Beliefs%20Topline_PDF.pdf,"trend column in May 2025 Values and Beliefs topline Q.4; cross-validated vs Mar 2025"
2025-05,2025-05-01/18,1003,16,8,13,3,26,2,1,,,1,,primary,https://news.gallup.com/file/poll/691031/2025_05_01%20Values%20and%20Beliefs%20Topline_PDF.pdf,""
2025-06,,,,,,,,,,,,,,missing,https://news.gallup.com/file/poll/692072/2025_06_24_ECI%20and%20Trump%20Approval.pdf,"no MIP question asked (ECI/Trump approval wave); do not interpolate"
2025-07,,,,,,,,,,,,,,missing,https://news.gallup.com/file/poll/693239/250807SctCong.pdf,"no MIP question asked (Consumption Habits series); do not interpolate"
2025-08,2025-08-01/20,1094,,,,3,,,,,,,,partial,https://news.gallup.com/poll/695519/mood-subdued-crime-unity-concerns-rise.aspx,"poll asked no MIP; crime=3% only via Sep 2025 article month-ago comparison"
2025-09,2025-09-02/16,1000,10,6,14,8,28,,1,1,2,10,trend,https://news.gallup.com/file/poll/704288/260326Energy.pdf,"trend column in Mar 2026 Environment topline"
2025-10,2025-10-01/16,,10,8,16,6,28,1,1,,1,8,trend,https://news.gallup.com/file/poll/704288/260326Energy.pdf,"trend column; n not stated"
2025-11,2025-11-03/25,,12,9,13,3,27,1,,1,1,9,trend,https://news.gallup.com/file/poll/704288/260326Energy.pdf,"trend column; n not stated"
2025-12,2025-12-01/15,,17,11,19,5,26,2,1,,1,7,trend,https://news.gallup.com/file/poll/704288/260326Energy.pdf,"trend column; n not stated"
2026-01,2026-01-02/17,,9,11,10,4,32,2,2,1,3,,trend,https://news.gallup.com/file/poll/713027/2026_07_23_ECI%20and%20MIP%20Topline%20and%20Tabs.pdf,"trend column in Jul 2026 ECI+MIP topline Q.5; n not stated"
2026-02,2026-02-02/16,,11,8,20,4,29,1,1,,1,,trend,https://news.gallup.com/file/poll/713027/2026_07_23_ECI%20and%20MIP%20Topline%20and%20Tabs.pdf,"trend column; n not stated"
2026-03,2026-03-02/18,1000,15,10,14,2,28,1,1,5,3,,primary,https://news.gallup.com/file/poll/713027/2026_07_23_ECI%20and%20MIP%20Topline%20and%20Tabs.pdf,"also in 260326Energy.pdf"
2026-04,2026-04-01/15,,13,11,11,2,28,1,1,8,5,,trend,https://news.gallup.com/file/poll/713027/2026_07_23_ECI%20and%20MIP%20Topline%20and%20Tabs.pdf,"trend column; n not stated"
2026-05,2026-05-01/17,,13,15,8,2,26,,1,5,4,,trend,https://news.gallup.com/file/poll/713027/2026_07_23_ECI%20and%20MIP%20Topline%20and%20Tabs.pdf,"trend column; n not stated"
2026-06,2026-06-01/15,,13,14,9,2,26,2,,4,3,,trend,https://news.gallup.com/file/poll/713027/2026_07_23_ECI%20and%20MIP%20Topline%20and%20Tabs.pdf,"trend column; n not stated"
2026-07,2026-07-01/19,1200,11,11,12,2,28,2,,3,2,,primary,https://news.gallup.com/file/poll/713027/2026_07_23_ECI%20and%20MIP%20Topline%20and%20Tabs.pdf,""
2026-08,,,,,,,,,,,,,,missing,https://news.gallup.com/file/poll/714656/20260923EconomicConcepts.pdf,"no MIP question asked (Work and Education series); do not interpolate"
2026-09,,,,11,13,,,30,,,,,,,secondary,https://www.usatoday.com/story/opinion/columnist/2026/09/24/trump-republicans-midterms-media-ban-gas-prices/91905826007/,"secondary source only (USA Today column citing 'Gallup monthly poll'); underlying Gallup release not located; dates/n unknown"
