id,cluster,rule,states,text,correct,note
115433011374281959,4,state_name,TX,"Congressman Jake Ellzey is an America First Patriot who is doing an incredible job representing Texas' 6th Congressional District! A former Navy fighter pilot and Combat Veteran, Jake knows the Wisdom and Courage required to Defend our Country, Support our Brave Military/Veterans, and Ensure PEACE THROUGH STRENGTH. In Congress, he is working hard to Keep our now very Secure Border, SECURE, Stop Migrant Crime, Cut Taxes and Regulations, Unleash American Energy DOMINANCE, Promote MADE IN THE U.S.A., Grow our Economy, and Protect our always under siege Second Amendment. Jake Ellzey has my Complete and Total Endorsement for Re-Election — HE WILL NEVER LET YOU DOWN!",,
116238700372346046,4,candidate,NC,"Michael Whatley is so Great! Running against a really bad former Governor who set murderers free to kill again, and was grossly incompetent on the big hurricane cleanup. I had to get it done when I took office on January 20th, and I did! I hope the Great people of North Carolina remember how BAD Roy Cooper was as Governor, especially on crime. Michael Whatley will be a FANTASTIC Senator. He led the Republican Party to VICTORY in 2024. Michael will be a GREAT SENATOR, one of the very best! President DJT",,
116677922835789083,4,state_name,FL,"Congressman Brian Mast is a MAGA Warrior and Fantastic Advocate for Florida's 21st Congressional District! As the Chairman of my WINNING 2024 Campaign's Veterans for Trump Coalition, Brian is a true American Hero and Patriot. He knows the Wisdom and Courage required to Defend our Country, Support our Brave Military/Veterans, and Ensure PEACE THROUGH STRENGTH. In Congress, he is fighting hard to Grow the Economy, Cut Taxes and Regulations, Promote MADE IN THE U.S.A., Champion American Energy DOMINANCE, Keep our Border SECURE, Ensure PEACE THROUGH STRENGTH, and Protect our always under siege Second Amendment. Brian Mast has my Complete and Total Endorsement for Re-Election — HE WILL NEVER LET YOU DOWN!",,
114876638674610838,4,state_name,GA,"Congressman Barry Loudermilk is a Tremendous Advocate for the Great People of Georgia's 11th Congressional District! A Brave U.S. Air Force Veteran, Barry knows what is required to Defend our Country, Support our Incredible Military/Veterans, and Ensure PEACE THROUGH STRENGTH. In Congress, he is working hard to Secure our now VERY Secure (Record Setting!) Southern Border, Stop Migrant Crime, Cut Taxes and Regulations, Unleash American Energy DOMINANCE, Safeguard our Elections, and Protect our always under siege Second Amendment. Barry Loudermilk has my Complete and Total Endorsement for Re-Election — HE WILL NOT LET YOU DOWN!",,
114953962646647794,4,candidate,NC,"Great news for North Carolina! Michael Whatley, one of the most capable executives in our Country, who successfully ran, along with Lara Trump, the Republican National Committee, has launched his run for the United States Senate! Michael is fantastic at everything he does, and was certainly a STAR as Co-Chair of the RNC where, in the Presidential Election, we won every Swing State, the Popular Vote, and the Electoral College by a landslide. He also helped us win North Carolina six times, including Primaries, in 2016, 2020, and 2024! Michael is a wonderful man, has ALWAYS delivered for North Carolina, especially after the terrible floods, where the Biden Administration did nothing, and will continue doing so as your next U.S. Senator, where he will fight tirelessly to Grow our Economy, Cut Taxes and Regulations, Promote MADE IN THE U.S.A., Champion American Energy DOMINANCE, Help Secure our already Secure Southern Border, Stop Migrant Crime, Murderers, and other Criminals from illegally entering our Country, Strengthen our Military/Veterans, and Protect our always under siege Second Amendment. Michael Whatley has my Complete and Total Endorsement – HE WILL NEVER LET YOU DOWN!",,
115434870750784024,4,state_name,MI,"Congressman Jack Bergman is a Tremendous Champion for the Great People of Michigan's 1st Congressional District! A retired Lieutenant General of the U.S. Marine Corps, Jack bravely served our Nation in combat, and continues to make our Country proud in Congress. Jack is fighting tirelessly to Champion our Amazing Farmers and Ranchers, Advocate for the Working Men and Women of Michigan, Promote MADE IN THE U.S.A., Cut Taxes and Regulations, Advance American Energy DOMINANCE, Keep our now very Secure Border, SECURE, Stop Migrant Crime, Strengthen our Military/Veterans, and Defend our always under siege Second Amendment. Jack Bergman has my Complete and Total Endorsement – HE WILL NEVER LET YOU DOWN!",,
115748995021059823,4,state_name,NC,"I'll be in North Carolina tonight at the wonderful Rocky Mount Events Center and, therefore, will not be in attendance at Mar-a-Lago tonight for a very special event honoring the GREAT House Majority Whip, Tom Emmer. He is my great friend, and one of the most talented politicians in our Country. As the Majority Whip of the U.S. House of Representatives, Tom is doing a tremendous job advancing our America First Agenda. He is fighting tirelessly to Grow our Economy, Cut Taxes and Regulations, Promote MADE IN THE U.S.A., Unleash American Energy DOMINANCE, Keep our now very Secure Border, SECURE, Stop Migrant Crime, Strengthen our Military/Veterans, and Defend our always under siege Second Amendment. Tom Emmer is a fighter and WINNER, and has my Complete and Total Endorsement for Re-Election — HE WILL NEVER LET YOU DOWN!",,
117084815176671691,4,state_name,FL,"Highly Respected Congressman Byron Donalds is running for Governor of Florida, a State that I love, and WON BIG, in 2016, 2020, and 2024. I know Byron well, have seen him tested at the highest and most difficult levels, and he is a TOTAL WINNER! Byron has a great wife, Erika, and three beautiful sons. They are very proud of him! As Governor, Byron will have a BIG Voice, and work closely with me to advance our America First Agenda. He will fight tirelessly to help Keep our Border SECURE, Stop Migrant Crime, Strengthen our Military, Protect our Veterans, Advance American Energy DOMINANCE, Cut Taxes and Regulations, Promote MADE IN THE U.S.A., and Defend our always under siege Second Amendment. Byron Donalds will be a truly Great and Powerful Governor for Florida, and has my Complete and Total Endorsement! Early Voting is underway NOW, and Election Day is August 18th. GET OUT AND VOTE FOR BYRON — HE WILL NEVER LET YOU DOWN! Find your Voting Location here: https://swampthevoteusa.com/florida/",,
116596778354691139,4,state_name,GA,"It is my Great Honor to endorse MAGA Warrior, Jim Kingston, who is running to represent the fantastic people of Georgia's 1st Congressional District. A very successful Businessman, Civic Leader, and Conservative Activist, Jim has dedicated his life to serving his Community. Jim's father is the GREAT Former Congressman from Georgia, Jack Kingston – He and his family are fierce advocates for our Movement to, MAKE AMERICA GREAT AGAIN! In Congress, Jim will fight tirelessly to Grow our Economy, Cut Taxes and Regulations, Promote MADE IN THE U.S.A., Champion American Energy DOMINANCE, Keep our Border SECURE, Stop Migrant Crime, Champion School Choice, Strengthen our Military/Veterans, and Protect our always under siege Second Amendment. Jim Kingston has my Complete and Total Endorsement to be the next Representative from Georgia's 1st Congressional District. Election Day is Tuesday, May 19th. GET OUT AND VOTE FOR JIM — HE WILL NEVER LET YOU DOWN! Find your Voting Location here: https://swampthevoteusa.com/georgia/",,
116716969487041954,4,state_name,GA,"Early Voting is underway in the Great State of Georgia, where Highly Respected, and very popular Lieutenant Governor, Burt Jones, is running to be your next Governor. He is a fantastic person, and truly loves the people of Georgia, as do I! As the first member of the Georgia State Assembly to Endorse ""DONALD J. TRUMP"" for President, Burt was strongly committed to my Campaign in 2016, 2020, and 2024, and worked tirelessly to help us WIN. He has been with us from the very beginning. I know his family well, and have seen Burt tested at the most difficult levels and times — He is a WARRIOR, a successful Businessman, former SEC Championship winning Georgia Bulldogs football player (Known for his toughness!), and now, as Lieutenant Governor, Burt has proven he has the Courage and Wisdom to deliver strong results for the incredible people of his wonderful State, and our Nation. As your next Governor, Burt Jones will fight hard to Grow the Economy, Cut Taxes and Regulations, Promote MADE IN THE U.S.A., Champion American Energy DOMINANCE, Keep our Border SECURE, Strengthen our Military/Veterans, Ensure LAW AND ORDER, Advance Election Integrity, and Defend our always under siege Second Amendment. Burt Jones has my Complete and Total Endorsement to be the next Governor of the Wonderful State of Georgia. Early Voting ends Friday, June 12th. Election Day is Tuesday, June 16th. GET OUT AND VOTE FOR BURT — HE WILL NEVER LET YOU DOWN! Find your Voting Location here: https://swampthevoteusa.com/georgia/",,
117113527232177944,4,state_name,FL,"State Representative ""MAGA"" Meg Weinberger is an America First Patriot who is doing an incredible job representing Florida's 94th State House District! Meg is MAGA all the way, and has been with us from the very beginning, helping advance our AMERICA FIRST Agenda. In the State House, she is working tirelessly to Grow our Economy, Cut Taxes and Regulations, Champion American Energy DOMINANCE, Promote MADE IN THE U.S.A., Keep our Border SECURE, Stop Migrant Crime, Strengthen our Military/Veterans, Safeguard our Elections, and Defend our always under siege Second Amendment. ""MAGA"" Meg Weinberger has my Complete and Total Endorsement for Re-Election! Election Day is Tuesday, August 18th. GET OUT AND VOTE FOR ""MAGA"" MEG — SHE WILL NEVER LET YOU DOWN! Find your Voting Location here: https://swampthevoteusa.com/florida/",,
115434871867209348,4,state_name,FL,"Congressman Randy Fine is a MAGA Warrior who is doing a fantastic job representing Florida's 6th Congressional District! A Harvard Educated and Successful Businessman, Randy was a Highly Respected State Legislator, prior to becoming a distinguished U.S. Congressman. He loves the Great People of the Sunshine State, which I won THREE TIMES in 2016, 2020, and 2024! In Congress, Randy is fighting tirelessly to Grow our Economy, Cut Taxes and Regulations, Promote MADE IN THE U.S.A., Advance American Energy DOMINANCE, Keep our now very Secure Border, SECURE, Stop Migrant Crime, Champion our Military/Veterans, Defend our always under siege Second Amendment, and Restore PEACE THROUGH STRENGTH. Randy Fine has my Complete and Total Endorsement – HE WILL NOT LET YOU DOWN!",,
116971864522910409,4,state_name,GA,"It is my Great Honor to endorse MAGA Patriot, Tim Fleming, who is running to be the next Secretary of State of the Incredible State of Georgia! A Highly Respected State Representative and Civic Leader, prior to running for Secretary of State, Tim has a strong record of being an America First Fighter for Election Integrity! A true MAGA Warrior, Tim understands that, ALL VOTERS MUST SHOW PHOTO VOTER I.D. (IDENTIFICATION!) AND, ALL VOTERS MUST SHOW PROOF OF CITIZENSHIP IN ORDER TO VOTE! The Dumocrats love to CHEAT, and Tim will work tirelessly to Safeguard Georgia's Elections. Tim will also focus on helping us continue to Grow the Economy, Promote our Amazing Farmers and Ranchers, Stop Migrant Crime, Keep Men out of Women's Sports, and Defend our always under siege Second Amendment. Tim Fleming has my Complete and Total Endorsement to be the next Secretary of State of Georgia – HE WILL DO A FANTASTIC JOB, AND NEVER LET YOU DOWN!",,
117293380838894817,4,state_name,AK,Dan S. Sullivan has my Complete and Total Endorsement for Re-Election as U.S. Senator from Alaska — HE WILL NEVER LET YOU DOWN! President DONALD J. TRUMP,,
116014966605970564,4,state_name,GA,"It is my Great Honor to endorse America First Patriot, Clay Fuller, who is running to represent the wonderful people of Georgia's 14th Congressional District. As District Attorney for the Lookout Mountain Judicial Circuit, and Air National Guard Officer, Clay knows the Wisdom and Courage required to Defend our Country, Support our Brave Military/Veterans, and Ensure PEACE THROUGH STRENGTH. As your next Congressman, Clay will fight tirelessly to Grow the Economy, Cut Taxes and Regulations, Promote MADE IN THE U.S.A., Unleash American Energy DOMINANCE, Keep our Border SECURE, Stop Migrant Crime, Safeguard our Elections, Champion School Choice, and Defend our always under siege Second Amendment. He is strongly supported by the most Highly Respected MAGA Warriors in Georgia, and many Republicans in the U.S. House of Representatives. Clay Fuller has my Complete and Total Endorsement to be the next Representative from Georgia's 14th Congressional District – HE WILL NOT LET YOU DOWN!",,
116083541625057957,4,state_name,NC,"Congressman Brad Knott is a terrific Representative for the incredible people of North Carolina's 13th Congressional District! As a former Criminal Prosecutor, Brad knows the Wisdom and Courage necessary to uphold our Constitution, and ensure LAW AND ORDER. A true America First Patriot, Brad is fighting tirelessly to Strengthen our Military, Care for our Brave Veterans, Stand with our Incredible Law Enforcement, Keep our now very Secure Border, SECURE, Stop Migrant Crime, Grow our Economy, Cut Taxes and Regulations, Promote MADE IN THE U.S.A., Advance American Energy DOMINANCE, and Defend our always under siege Second Amendment. Brad Knott has my Complete and Total Endorsement for Re-Election — HE WILL NEVER LET YOU DOWN!",,
116083533873011232,4,state_name,TX,"Congresswoman Beth Van Duyne is a fantastic Champion for the Great People of Texas' 24th Congressional District! A former appointee in my First Administration, where she worked hard to advance our America First Agenda, Beth is now a very distinguished and highly respected Congresswoman. In Congress, she is fighting tirelessly to Keep our now very Secure Border, SECURE, Stop Migrant Crime, Murderers, and other Criminals from illegally entering our Country, Ensure LAW AND ORDER, Strengthen our Great Military/Veterans, Cut Taxes and Regulations, Promote MADE IN THE U.S.A., Champion American Energy DOMINANCE, and Protect our always under siege Second Amendment. Beth Van Duyne has my Complete and Total Endorsement for Re-Election — SHE WILL NEVER LET YOU DOWN!",,
116523627142757976,4,candidate,OH,"Jon Husted is doing an incredible job as Senator for the Great State of Ohio! He served as your Lieutenant Governor for seven years prior to becoming a very distinguished and well respected Senator.Jon is a wonderful man, has ALWAYS delivered for Ohio, and will continue doing so in the U.S. Senate. He is working hard to Create Jobs, Lower Costs, Promote Products and Services MADE IN AMERICA by our incredible Ohio Workers, Support our Great Farmers, Champion Innovation, Secure our Border, Stop Criminals, Strengthen our Military/Veterans, and Strongly Protect our always under siege Second Amendment.We are delivering BIG WINS for America. One of the leaders I know I can count on is Ohio's Senator Jon Husted. He will fight to advance Common Sense Values, and put AMERICA FIRST.Jon Husted has my Complete and Total Endorsement — HE WILL NOT LET YOU DOWN!",,
114231372872784481,4,state_name,GA,"I am pleased to announce the appointment of Brandon Beach as the next Treasurer of the United States. Brandon helped us secure a Massive and Historic Victory for our Movement in the Great State of Georgia, and has been doing an incredible job in the Georgia State Senate since 2012. As our next Treasurer, Brandon will uphold the Values of Fiscal Responsibility, Economic Growth, and help unleash America's Golden Age. Congratulations Brandon!",,
116143513047787934,4,state_name,TX,"It is my Honor to endorse MAGA Warrior TREVER NEHLS, who is running to represent the incredible people of Texas' 22nd Congressional District. Trever's brother is the GREAT Congressman from Texas, Troy Nehls. He and his family are fierce advocates for our Movement to, MAKE AMERICA GREAT AGAIN. As a former Fort Bend County Constable, and retired U.S. Army Colonel, Trever strongly supports our incredible Law Enforcement, Military, and Veterans, and knows the Wisdom and Courage it takes to Ensure LAW AND ORDER. In Congress, Trever will work hard to Keep our now very Secure Border, SECURE, Stop Migrant Crime, Grow our Economy, Cut Taxes and Regulations, Promote MADE IN THE U.S.A., Advance American Energy DOMINANCE, Champion Election Integrity, and Defend our always under siege Second Amendment. Trever Nehls has my Complete and Total Endorsement – HE WILL NEVER LET YOU DOWN!",,
115154159518653872,4,candidate,IA,"Congresswoman Ashley Hinson is running for the United States Senate in Iowa, a State I love and WON BIG, THREE TIMES, in 2016, 2020, and 2024. I know Ashley well, and she is a WINNER! A Loving Wife and Proud Mother of two sons, Ashley is a wonderful person, has ALWAYS delivered for Iowa, and will continue doing so in the United States Senate. She is working hard to Create Jobs, Cut Taxes, Promote Products and Services MADE IN AMERICA by our incredible Iowa Workers, Support our Great Farmers and American Agriculture, Champion Innovation, Continue to Help Secure our now very Secure Southern Border, Stop Migrant Crime, Murderers, and other Criminals from illegally entering our Country, Strengthen our Military/Veterans, and Defend our always under siege Second Amendment. Ashley Hinson will be an outstanding Senator, and has my Complete and Total Endorsement – SHE WILL NOT LET YOU DOWN!",,
117293999250317993,4,candidate,IA,Ashley Hinson has my Complete and Total Endorsement to be the next U.S. Senator from Iowa — SHE WILL NEVER LET YOU DOWN! President DONALD J. TRUMP,,
116971865115694289,4,state_name,GA,"Rick Jackson, from the Great State of Georgia, very successfully campaigned for Governor, on being strong with ""TRUMP,"" and won, against a field of very talented and popular opponents, including an incredible guy, Burt Jones, who has a truly bright future ahead of him! Rick has been a very successful Businessman and Entrepreneur, and will now be a tremendous Governor, who will work tirelessly to Grow the Economy, Cut Taxes and Regulations, Promote MADE IN THE U.S.A., Unleash American Energy DOMINANCE, Strengthen our Military/Veterans, Keep our Border SECURE, Ensure LAW AND ORDER, Safeguard our Elections, and Protect our always under siege Second Amendment. Now is the time for all Republicans to unite behind Rick to ensure he has a tremendous Victory in November! Rick will work closely with me to enact America First Policies. He is a FANTASTIC person who everyone is very proud of, as am I. Rick Jackson has my Complete and Total Endorsement to be the next Governor of Georgia – HE WILL NEVER LET YOU DOWN!",,
116523633469830954,4,state_name,OH,"Congressman Jim Jordan is an America First Patriot who is doing an incredible job representing Ohio's 4th Congressional District!As Chairman of the House Judiciary Committee, Jim is fighting tirelessly to Protect our Country against the Marxists, Socialists, and Communists on the Radical Left. A true MAGA Warrior, Jim is also relentlessly focused on helping us Grow our Economy, Cut Taxes and Regulations, Promote MADE IN THE U.S.A., Champion American Energy DOMINANCE, Keep our now very Secure Border, SECURE, Stop Migrant Crime, and Defend our always under siege Second Amendment.Jim Jordan is a very good friend, fighter, and WINNER, and has my Complete and Total Endorsement for Re-Election — HE WILL NEVER LET YOU DOWN!",,
116923765602106745,4,state_name,MN,"Mike Lindell, the ""Pillow Man,"" and one of America's greatest and most hard working Patriots, is running to be GOVERNOR OF MINNESOTA, replacing one of the worst and most incompetent governors in the history of the U.S.A. Early Primary Voting has begun and, if given the chance, Mike will be SPECTACULAR!!! He truly loves Minnesota, as do I, and wants to bring it back from oblivion and embarrassment. He can do it! Nobody has sacrificed more than Mike Lindell in fighting for our country, especially when it comes to Election Integrity. He truly deserves everything he gets - He will MAKE MINNESOTA GREAT AGAIN!!! MIKE LINDELL HAS MY COMPLETE AND TOTAL ENDORSEMENT - HE WILL NOT LET YOU DOWN. Good Luck Mike!!! President DONALD J. TRUMP",,
117034028758585872,4,state_name,FL,"Wilton Simpson is the strong and highly popular Agriculture Commissioner for Florida, my ""Home"" State, which I love and won SIX times, including with 6.1 Million Votes in 2024, the most in History (BY FAR)!
 
Wilton is a Fifth Generation Floridian, lifelong Egg Farmer, successful Businessman, former President of the State Senate, and now, as Agriculture Commissioner, has served the Sunshine State during a career ""loaded up"" with accolades and wins. A true America First Patriot, who has been with us from the very beginning, Wilton is an incredibly effective Voice for Florida Agriculture, and our amazing Farmers and Ranchers. He is fighting tirelessly to Grow our Economy, Cut Taxes and Regulations, Champion American Energy DOMINANCE, Promote MADE IN THE U.S.A., Keep our now very Secure Border, SECURE, Stop Migrant Crime, Murderers, and other Criminals from illegally entering our Country, and Protect our always under siege Second Amendment.
 
Commissioner Wilton Simpson has my Complete and Total Endorsement for Re-Election – HE WILL NEVER LET YOU DOWN!",,
115435565492870939,4,state_name,NC,"Congressman Addison McDowell is an America First Patriot, who is doing a fantastic job representing North Carolina's 6th Congressional District! A MAGA Warrior, Addison previously worked for Senator Ted Budd and Congressman Richard Hudson (Two outstanding leaders from the Great State of North Carolina!), prior to becoming a distinguished and Highly Respected Congressman. In Congress, Addison is fighting tirelessly to Champion our Great Farmers and American Agriculture, Cut Taxes and Regulations, Promote MADE IN THE U.S.A., Advance American Energy DOMINANCE, Keep our now very Secure Border, SECURE, Strengthen our Military/Veterans, and Protect our always under siege Second Amendment. Addison McDowell has my Complete and Total Endorsement for Re-Election — HE WILL NEVER LET YOU DOWN!",,
116145690898669254,4,state_name,TX,"Dr. Dawn Buckingham is the strong and highly popular Land Commissioner for Texas, a place I love and WON BIG three times, including with 6.4 Million Votes in 2024, the most in History (BY FAR)! Dawn is a Ninth Generation Texan, successful Surgeon, avid Hunter, former State Senator, and now, as Land Commissioner, has served the Lone Star State during a career ""loaded up"" with accolades and wins. A true America First Patriot, who has been with us from the very beginning, Dawn is an incredibly effective steward of Texas' 13 Million Acres of Precious, Energy Rich, State Land — She is a Strong Supporter of Texas Oil & Gas! Dawn is fighting tirelessly to Grow our Economy, Cut Taxes and Regulations, Unleash American Energy DOMINANCE, Promote MADE IN THE U.S.A., Champion our Amazing Farmers and Ranchers, Keep our Border SECURE, Stop Migrant Crime, Murderers, and other Criminals from illegally entering our Country, and Protect our always under siege Second Amendment. Land Commissioner Dawn Buckingham, M.D., has my Complete and Total Endorsement for Re-Election — SHE WILL NEVER LET YOU DOWN!",,
116083530917124809,4,state_name,TX,"Congressman Lance Gooden is an America First Patriot, who is doing a fantastic job representing Texas' 5th Congressional District! A MAGA Warrior, who has been with us from the very beginning, Lance is working hard to Grow our Economy, Cut Taxes and Regulations, Advance American Energy DOMINANCE, Promote MADE IN THE U.S.A., Keep our now very Secure Border, SECURE, Support our Military/Veterans, and Protect our always under siege Second Amendment. Lance Gooden has my Complete and Total Endorsement for Re-Election — HE WILL NEVER LET YOU DOWN!",,
114315881639906095,4,state_name,TX,"I am proud to once again endorse Texas Lieutenant Governor, Dan Patrick, for Re-Election. As Texas Chair of our Presidential Campaigns in 2016, 2020, and 2024, Dan has been an incredible friend to our Movement, helping us WIN BIG in the Primaries and General Elections. In his next Term, Dan will fight tirelessly alongside of us to Secure the Border, Stop Migrant Crime, Grow the Economy, Cut Taxes and Regulations, Champion School Choice, Support our Great Military/Vets, Restore American Energy DOMINANCE, and Strongly Protect our always under siege Second Amendment. Dan Patrick has my Complete and Total Endorsement – He will never let you down!",,
115698147293634454,4,state_name,NC,"State Senator Phil Berger is an America First Patriot, who is doing an incredible job representing North Carolina's 26th Senate District! Phil Berger has served as the Highly Respected Leader of the North Carolina Senate for over a decade, helping us deliver massive and historic Victories across the State, including my six BIG WINS and Primaries in 2016, 2020, and 2024! As Senate Leader, Phil is fighting tirelessly to Grow the Economy, Cut Taxes and Regulations, Advance MADE IN THE U.S.A., Unleash American Energy DOMINANCE, Champion School Choice, Support our Great Military, Veterans, and Law Enforcement, Keep our now very Secure Border, SECURE, Stop Migrant Crime, and Protect our always under siege Second Amendment. He is also endorsed by Senator Ted Budd, and Representatives Virginia Foxx, Addison McDowell, David Rouzer, and many other MAGA Warriors. Sam Page is GREAT, he has been a longtime supporter, but I really want him to come work for us in Washington, D.C., rather than further considering a run against Phil — Both are such outstanding people! Therefore, Phil Berger has my Complete and Total Endorsement for Re-Election — HE WILL NEVER LET YOU DOWN!",,
115483486488391164,4,state_name,TX,"Congressman August Pfluger is a Tremendous Champion for Texas' 11th Congressional District!
 
As the Chairman of the Republican Study Committee, August is doing an incredible job advancing our America First Agenda. He is working hard to Grow our Economy, Cut Taxes and Regulations, Champion our Great Farmers and American Agriculture, Promote MADE IN THE U.S.A., Ensure American Energy DOMINANCE, Keep our now very Secure Border, SECURE, Strengthen our Incredible Military/Veterans, and Defend our always under siege Second Amendment.
 
August Pfluger has my Complete and Total Endorsement for Re-Election — HE WILL NEVER LET YOU DOWN!",,
113891609516360925,4,state_name,FL,"Jimmy Patronis, Chief Financial Officer and Fire Marshall for the Great State of Florida, is running an incredible Campaign for Congress in Florida's 1st Congressional District! A fourth generation Floridian from the beautiful Panhandle, and owner of an iconic seafood restaurant, Jimmy has been a wonderful friend to me, and to MAGA. As your next Congressman, Jimmy will work tirelessly alongside of me to Grow our Economy, Secure our Border, Stop Migrant Crime, Secure our Border, Strengthen our Brave Military/Vets, Restore American Energy DOMINANCE, and Defend our always under siege Second Amendment. Jimmy Patronis has my Complete and Total Endorsement. Florida, vote for Jimmy in the January 28th Special Republican Primary — HE WILL NEVER LET YOU DOWN!",,
115562700432868071,4,state_name,FL,"It is my Great Honor to endorse Emilio T. Gonzales to be the next Mayor of the Beautiful City of Miami, Florida! A very successful Businessman, Civic Leader, former CEO of Miami International Airport, and former City Manager and Chief Administrative Officer of the City of Miami, Emilio has dedicated his life to serving his Community. As the former Director of United States Citizenship and Immigration Services, and a brave U.S. Army Veteran, Emilio strongly supports our incredible Law Enforcement, Military, and Veterans, and knows the Wisdom and Courage it takes to ensure LAW AND ORDER. As Miami's next Mayor, he will fight tirelessly to Grow the Economy, Cut Taxes and Regulations, Advance MADE IN THE U.S.A., Unleash American Energy DOMINANCE, Keep our now very Secure Border, SECURE, Stop Migrant Crime, and Defend our always under siege Second Amendment. Emilio T. Gonzales has my Complete and Total Endorsement. MIAMI: Early Voting is December 5th through December 7th, and Election Day is December 9th. GET OUT AND VOTE FOR EMILIO — HE WILL NEVER LET YOU DOWN!https://www.miami.gov/My-Government/Elections/Run-Off-Election-December-9-2025",,
116640289354505970,4,candidate,TX,"https://truthsocial.com/users/Imaluckyangel/statuses/116634885298397647. Texas, Vote for Ken Paxton, our Country's BEST Attorney General!",,
116715601994142024,4,state_name,ME,"Former Governor Paul LePage will be a tremendous Congressman for the amazing people of Maine's 2nd Congressional District! A proven America First Fighter, Paul has been with us from the very beginning, helping us, MAKE AMERICA GREAT AGAIN! In Congress, he will work hard to Grow our Economy, Strongly Advocate for Maine's Great Lobstermen, Cut Taxes and Regulations, Promote MADE IN THE U.S.A., Unleash American Energy DOMINANCE, Safeguard our Elections, Keep our Border SECURE, Stop Migrant Crime, Strengthen our Military/Veterans, and Defend our always under siege Second Amendment. Paul will most likely be running against a Radical Left Democrat named Matt Dunlap, who loves High Taxes, High Interest Rates, Expensive and Unreliable Electricity, Open Borders, and Transgender for Everybody, among other CRAZY ideas, but the good news is that Paul LePage is a WINNER, and has my Complete and Total Endorsement. Election Day is Tuesday, June 9th. GET OUT AND VOTE FOR PAUL — HE WILL NEVER LET YOU DOWN! Find your Voting Location here: https://swampthevoteusa.com/maine/",,
115186868794986559,4,candidate,KS,"Senator Roger Marshall is an incredibly strong advocate for the wonderful people of Kansas, a State I love, and WON BIG, in 2016, 2020, and 2024! A distinguished Medical Doctor and U.S. Army Veteran, Roger knows how to Defend our Country, Support our Brave Military/Veterans, and Ensure PEACE THROUGH STRENGTH. In the U.S. Senate, Roger is working hard to Champion our Great Farmers and American Agriculture, Grow our Economy, Cut Taxes and Regulations, Help Secure our now VERY Secure (Record Setting!) Southern Border, Champion American Energy DOMINANCE, and Defend our always under siege Second Amendment. KANSAS, Roger Marshall has my Complete and Total Endorsement for Re-Election – HE WILL NEVER LET YOU DOWN!",,
117077274595226430,4,state_name,MN,"Mike Lindell deserves a BIG WIN IN MINNESOTA today. Nobody has worked harder, and given up so much, in fighting for free and fair Elections. Go out, NOW, and VOTE for Mike Lindell for Governor. He will not let you down. Thank you! President DJT",,
115434876884564053,4,state_name,MI,"Congresswoman Lisa McClain is a Fantastic Advocate for the Great People of Michigan's 9th Congressional District! As the Chair of the House Republican Conference, Lisa is doing a truly fantastic job advancing our America First Agenda. She is working tirelessly to Grow our Economy, Cut Taxes and Regulations, Champion our Great Farmers and American Agriculture, Promote MADE IN THE U.S.A., Advance American Energy DOMINANCE, Keep our now very Secure Border, SECURE, Stop Migrant Crime, Ensure LAW AND ORDER, Strengthen our Incredible Military/Veterans, and Defend our always under siege Second Amendment. Lisa McClain has my Complete and Total Endorsement for Re-Election — SHE WILL NEVER LET YOU DOWN!",,
117084806534472335,4,state_name,FL,"Congressman Mike Haridopolos is an America First Patriot who is doing a fantastic job representing Florida's 8th Congressional District! A former Teacher, successful Businessman, and now, as U.S. Congressman, Mike has strongly served his Community with a career ""loaded up"" with accolades and wins. In Congress, he is fighting tirelessly to Grow our Economy, Cut Taxes and Regulations, Promote MADE IN THE U.S.A., Unleash American Energy DOMINANCE, Keep our now Border SECURE, Stop Migrant Crime, Strengthen our Military/Veterans, and Defend our always under siege Second Amendment. Mike Haridopolos has my Complete and Total Endorsement for Re-Election! Early Voting is underway NOW, and Election Day is August 18th. GET OUT AND VOTE FOR MIKE — HE WILL NEVER LET YOU DOWN! Find your Voting Location here: https://swampthevoteusa.com/florida/",,
117033885856786257,4,state_name,MI,"Congressman Tim Walberg is an incredible Representative of Michigan's 5th Congressional District! As Chair of the House Education Committee, Tim is working hard to Advance School Choice, Deliver the Best Education Solutions for our Children, and Defend Parental Rights. Tim is also relentlessly focused on helping us Keep our Border SECURE, Stop Migrant Crime, Support our Great Military/Vets, Unleash American Energy DOMINANCE, and Defend our always under siege Second Amendment. Tim Walberg has my Complete and Total Endorsement for Re-Election. Election Day is Tuesday, August 4th. GET OUT AND VOTE FOR TIM – HE WILL NEVER LET YOU DOWN! Find your Voting Location here: https://swampthevoteusa.com/michigan/",,
117113525004064948,4,state_name,FL,"Congressman Jimmy Patronis is a MAGA Warrior who is doing a fantastic job representing Florida's 1st Congressional District! A Fourth Generation Floridian from the beautiful Panhandle, and owner of an iconic seafood restaurant, Jimmy served as the Chief Financial Officer for the Great State of Florida for seven years, prior to becoming a very distinguished Congressman. In the U.S. House of Representatives, Jimmy is fighting tirelessly to Grow our Economy, Cut Taxes and Regulations, Promote MADE IN THE U.S.A., Unleash American Energy DOMINANCE, Keep our Border SECURE, Stop Migrant Crime, Strengthen our Incredible Military/Veterans, and Defend our always under siege Second Amendment. Jimmy Patronis has my Complete and Total Endorsement for Re-Election! Election Day is Tuesday, August 18th. GET OUT AND VOTE FOR JIMMY — HE WILL NEVER LET YOU DOWN! Find your Voting Location here: https://swampthevoteusa.com/florida/",,
115850448778042500,4,state_name,FL,"It is my Great Honor to endorse America First Patriot, Jon Maples, who is running to represent the wonderful people of Florida's 87th State House District. Jon is a very successful Businessman and Civic Leader, who is known and loved, and also endorsed by so many of my Palm Beach County friends, including by Great State Representative ""MAGA"" Meg Weinberger. Jon will be a terrific Legislator! As your next State Representative, Jon will fight tirelessly to Grow the Economy, Cut Taxes and Regulations, Promote MADE IN THE U.S.A., Stop Migrant Crime, Safeguard our Elections, Support our Military, Veterans, and Law Enforcement, and Defend our always under siege Second Amendment. Jon Maples has my Complete and Total Endorsement for Florida HD-87. Early Voting ends January 11th, and Primary Election Day is January 13th. GET OUT AND VOTE FOR JON — HE WILL NEVER LET YOU DOWN!",,
115487422134481211,4,state_name,MN,"Congresswoman Brad Finstad is a fantastic Representative of Minnesota's 1st Congressional District! A Fourth Generation Family Farmer, and Member of the House Agriculture Committee, Brad is a strong and effective voice for our amazing Farmers and Ranchers. In Congress, Brad is working tirelessly to Grow our Economy, Cut Taxes and Regulations, Promote MADE IN THE U.S.A., Unleash American Energy DOMINANCE, Safeguard our Elections, Keep our now very Secure Border, SECURE, Stop Migrant Crime, Strengthen our Military/Veterans, and Protect our always under siege Second Amendment. Brad Finstad has my Complete and Total Endorsement for Re-Election — HE WILL NEVER LET YOU DOWN!",,
115483506946659561,4,state_name,OH,"Congressman Dave Taylor is doing an incredible job representing the wonderful people of Ohio's 2nd Congressional District!
 
A very successful Small Businessman, Dave knows the America First Policies necessary to Create GREAT Jobs, Unleash Innovation, and Restore American Energy DOMINANCE. He is fighting tirelessly to Cut Taxes and Regulations, Promote MADE IN THE U.S.A., Keep our Border SECURE, Champion our Farmers and American Agriculture, Support our Brave Military/Veterans, and Defend our always under siege Second Amendment.
 
Dave Taylor has my Complete and Total Endorsement for Re-Election — HE WILL NEVER LET YOU DOWN!",,
117073715255141749,4,state_name,MN,"Congresswoman Michelle Fischbach is a terrific Representative for the incredible people of Minnesota's 7th Congressional District! A Proven Leader, Michelle served as the Highly Respected President of the Minnesota Senate, and Lieutenant Governor, prior to becoming a very distinguished U.S. Congresswoman. She is working tirelessly to Grow our Economy, Cut Taxes and Regulations, Unleash American Energy DOMINANCE, Promote MADE IN THE U.S.A., Keep our Border SECURE, Stop Migrant Crime, Advocate for our Great Military/Veterans, and Defend our always under siege Second Amendment. Michelle Fischbach has my Complete and Total Endorsement for Re-Election. Election Day is Tuesday, August 11th. GET OUT AND VOTE FOR MICHELLE — SHE WILL NEVER LET YOU DOWN! Find your Voting Location here: https://swampthevoteusa.com/minnesota/",,
114764184133829613,4,state_name,NC,"Numerous people have come forward wanting to run in the Primary against ""Senator Thom"" Tillis. I will be meeting with them over the coming weeks, looking for someone who will properly represent the Great People of North Carolina and, so importantly, the United States of America. Thank you for your attention to this matter!",,
117113530523550991,4,state_name,FL,"Highly Respected Congressman Byron Donalds is running for Governor of Florida, a State that I love, and WON BIG, in 2016, 2020, and 2024. I know Byron well, have seen him tested at the highest and most difficult levels, and he is a TOTAL WINNER! Byron has a great wife, Erika, and three beautiful sons. They are very proud of him! As Governor, Byron will have a BIG Voice, and work closely with me to advance our America First Agenda. He will fight tirelessly to help Keep our Border SECURE, Stop Migrant Crime, Strengthen our Military, Protect our Veterans, Advance American Energy DOMINANCE, Cut Taxes and Regulations, Promote MADE IN THE U.S.A., and Defend our always under siege Second Amendment. Byron Donalds will be a truly Great and Powerful Governor for Florida, and has my Complete and Total Endorsement! Election Day is Tuesday, August 18th. GET OUT AND VOTE FOR BYRON — HE WILL NEVER LET YOU DOWN! Find your Voting Location here: https://swampthevoteusa.com/florida/",,
116083531557715615,4,state_name,TX,"Congressman August Pfluger is a Tremendous Champion for Texas' 11th Congressional District! As the Chairman of the Republican Study Committee, August is doing an incredible job advancing our America First Agenda. He is working hard to Grow our Economy, Cut Taxes and Regulations, Champion our Great Farmers and American Agriculture, Promote MADE IN THE U.S.A., Ensure American Energy DOMINANCE, Keep our now very Secure Border, SECURE, Strengthen our Incredible Military/Veterans, and Defend our always under siege Second Amendment. August Pfluger has my Complete and Total Endorsement for Re-Election — HE WILL NEVER LET YOU DOWN!",,
115662363349008651,4,state_name,TX,"Congressman Craig Goldman is an incredible Representative of Texas' 12th Congressional District! A Fifth Generation Texan, Craig served as a State Representative for 12 years prior to becoming a distinguished and Highly Respected Congressman. In Congress, he is fighting tirelessly to Champion our Great Farmers and American Agriculture, Cut Taxes and Regulations, Advance American Energy DOMINANCE, Promote MADE IN THE U.S.A., Keep our now very Secure Border, SECURE, Stop Migrant Crime, Strengthen our Military/Veterans, and Protect our always under siege Second Amendment. Craig Goldman has my Complete and Total Endorsement for Re-Election — HE WILL NOT LET YOU DOWN!",,
