month,link_only,media_only,retruth,text,total,daily_avg,late_night_pct
2025-01,47,34,24,64,169,13.0,13.0
2025-02,131,101,43,228,503,17.96,2.8
2025-03,251,101,17,283,652,21.03,3.2
2025-04,53,110,22,261,446,14.87,1.8
2025-05,89,123,41,266,519,16.74,7.5
2025-06,97,96,11,294,498,16.6,6.4
2025-07,120,178,31,300,629,20.29,3.5
2025-08,127,89,29,316,561,18.1,3.4
2025-09,64,138,26,184,412,13.73,3.6
2025-10,71,132,35,240,478,15.42,12.8
2025-11,73,112,61,366,612,20.4,5.2
2025-12,11,154,110,198,473,15.77,7.2
2026-01,10,179,123,295,607,19.58,9.9
2026-02,5,153,104,294,556,19.86,4.0
2026-03,13,166,36,322,537,17.32,2.8
2026-04,9,118,70,352,549,18.3,12.4
2026-05,41,364,87,318,810,26.13,2.2
2026-06,5,186,59,397,647,21.57,8.3
2026-07,21,278,92,313,704,23.47,5.0
2026-08,12,333,102,525,972,31.35,2.9
2026-09,13,249,49,299,610,20.33,3.6
2026-10,0,43,16,65,124,20.67,4.0
