item,id,label,label_version,text,reviewer_id,fits,note
1,114587447106051612,법원·인사 지명,v2,"I am pleased to announce the nomination of Kyle Dudek to serve as Judge on the United States District Court for the Middle District of Florida. Kyle earned his J.D., Magna Cum Laude, from the Antonin Scalia School of Law at George Mason University, and devoutly served as a Law Clerk for many esteemed Judges. Kyle will uphold the Rule of Law in the Great State of Florida, where men do not play in Women's Sports, Illegals Criminals are found and deported, and Tough on Crime Policies are championed. Thank you Kyle!",,,
2,115459538588191547,축하·감사,v2,"South Korea has agreed to pay the USA 350 Billion Dollars for a lowering of the Tariff's charged against them by the United States. Additionally, they have agreed to buy our Oil and Gas in vast quantities, and investments into our Country by wealthy South Korean Companies and Businessmen will exceed 600 Billion Dollars. Our Military Alliance is stronger than ever before and, based on that, I have given them approval to build a Nuclear Powered Submarine, rather than the old fashioned, and far less nimble, diesel powered Submarines that they have now. A great trip, with a great Prime Minister!",,,
3,117196950497702512,이란·전쟁 외교,v2,"The United States is, as we speak, striking Iranian Targets near the Strait of Hormuz. The strikes are large and powerful, and in retaliation for the Iranians' failed attempt at adding sea mines to the Strait, which currently has no mines (They have been completely removed or detonated!), and the Iranians shooting eight missiles, all successfully knocked down, at our Military Base in Jordan. If the failed Nation of Iran retaliates for this very justified attack, they will be hit again at a much harder and higher level, but it will not be the biggest attack of them all, that is waiting in the wings and, when it is over, there will be very little left of the Islamic Republic of Iran! President DONALD J. TRUMP",,,
4,116261796648776538,이란·전쟁 외교,v2,"Without the U.S.A., NATO IS A PAPER TIGER! They didn't want to join the fight to stop a Nuclear Powered Iran. Now that fight is Militarily WON, with very little danger for them, they complain about the high oil prices they are forced to pay, but don't want to help open the Strait of Hormuz, a simple military maneuver that is the single reason for the high oil prices. So easy for them to do, with so little risk. COWARDS, and we will REMEMBER! President DONALD J. TRUMP",,,
5,116144005595037510,기사 헤드라인 공유,v2,CBS's Tony Dokoupil Calls Trump's Speech 'Extraordinary' and 'Vintage Trump': https://www.mediaite.com/media/news/cbss-tony-dokoupil-calls-trumps-speech-extraordinary-and-vintage-trump/,,,
6,115499626990484138,범죄·이민 단속,v2,WARNING: The Nigerian Government better move fast to stop the killing of Christians!,,,
7,116901293654083857,축하·감사,v2,Wow! Palm Beach has always been a special place to me. So Beautiful!!! President DONALD J. TRUMP,,,
8,116969149016233329,이란·전쟁 외교,v2,"The Civil Nuclear Deal (There will be no enrichment of material!) being made between the United States Department of Energy and Saudi Arabia, which pertains only to non-military use such as the ones that Iran and UAE (and others) already have, will be approved, but is totally subject to Saudi Arabia joining the very respected and successful Abraham Accords. The United States is not opposed to Civil (Non-Enriched) Nuclear Facilities. Thank you for your attention to this matter! President DONALD J. TRUMP",,,
9,116918800567887958,기사 헤드라인 공유,v2,Old clip of Trump talking about Iran in 1980 goes viral: https://wjla.com/news/nation-world/old-clip-of-trump-talking-about-iran-in-1980-goes-viral-israel-pete-hegseth-middle-east,,,
10,117113292058934152,지지 선언,v2,"""MAGA"" Megan Degenfelder is running to be the next Governor of the Great State of Wyoming, a place I love and WON BIG in 2016, 2020, and 2024. Megan is fantastic, and strongly supported by many of our Greatest Warriors, including future Senator Harriet Hageman! A Sixth Generation Wyomingite, and Wyoming's very popular Superintendent of Public Instruction, Megan has dedicated her life to serving her Community. As your next Governor, Megan will work tirelessly to Champion Wyoming Values, Promote our Amazing Farmers and Ranchers, Grow our Economy, Cut Taxes and Regulations, Advance MADE IN THE U.S.A., Unleash American Energy DOMINANCE, Keep our Border SECURE, Stop Migrant Crime, Ensure LAW AND ORDER, Support our Brave Military, Veterans, and Law Enforcement, Safeguard our Elections, and Protect our always under siege Second Amendment. Megan Degenfelder has my Complete and Total Endorsement! Election Day is Tuesday, August 18th. GET OUT AND VOTE FOR ""MAGA"" MEGAN — SHE WILL NEVER LET YOU DOWN! Find your Voting Location here: https://swampthevoteusa.com/wyoming/",,,
11,114823635614745836,공화당·입법,v2,"Our Fed Rate is AT LEAST 3 Points too high. ""Too Late"" is costing the U.S. 360 Billion Dollars a Point, PER YEAR, in refinancing costs. No Inflation, COMPANIES POURING INTO AMERICA. ""The hottest Country in the World!"" LOWER THE RATE!!!",,,
12,117227003669020660,기사 헤드라인 공유,v2,"Trump cheers strong jobs report, calls for lower interest rates: https://justthenews.com/politics-policy/trump-cheers-strong-jobs-report-calls-lower-interest-rates",,,
13,115529500724371786,범죄·이민 단속,v2,"The Miracle Mile Shopping Center in Chicago, once considered our Nation's BEST, now has a more than 28% vacancy factor, and is ready to call it quits unless something is done about the murder and crime, which is prevalent throughout the City. CALL IN THE TROOPS, FAST, BEFORE IT IS TOO LATE! ""Just the News""",,,
14,115271135823530018,축하·감사,v2,"Pregnant Women, DON'T USE TYLENOL UNLESS ABSOLUTELY NECESSARY, DON'T GIVE TYLENOL TO YOUR YOUNG CHILD FOR VIRTUALLY ANY REASON, BREAK UP THE MMR SHOT INTO THREE TOTALLY SEPARATE SHOTS (NOT MIXED!), TAKE CHICKEN P SHOT SEPARATELY, TAKE HEPATITAS B SHOT AT 12 YEARS OLD, OR OLDER, AND, IMPORTANTLY, TAKE VACCINE IN 5 SEPARATE MEDICAL VISITS! President DJT",,,
15,113936920653240968,관세·무역,v2,"Anybody that's against Tariffs, including the Fake News Wall Street Journal, and Hedge Funds, is only against them because these people or entities are controlled by China, or other foreign or domestic companies. Anybody that loves and believes in the United States of America is in favor of Tariffs. They should have never ended, in favor of the Income Tax System, in 1913. The response to Tariffs has been FANTASTIC!",,,
16,114876671293627236,지지 선언,v2,"Congresswoman Monica De La Cruz is doing an incredible job representing the wonderful people of Texas' 15th Congressional District! A very successful Small Businesswoman, Monica knows the AMERICA FIRST Policies necessary to Create GREAT Jobs, Unleash Innovation, and Restore American Energy DOMINANCE. She is fighting tirelessly to Cut Taxes and Regulations, Secure our now VERY Secure (Record Setting!) Southern Border, Champion our Farmers and American Agriculture, Support our Brave Military/Veterans, and Protect our always under siege Second Amendment. Monica De La Cruz has my Complete and Total Endorsement for Re-Election — SHE WILL NEVER LET YOU DOWN!",,,
17,116565066757116256,관세·무역,v2,"CNBC incorrectly reported that the Great Jensen Huang, of Nvidia, was not invited to the incredible gathering of the World's Greatest Businessmen/women proudly going to China. In actuality, Jensen is currently on Air Force One and, unless I ask him to leave, which is highly unlikely, CNBC's reporting is incorrect or, as they say in politics, FAKE NEWS! It is an Honor to have Jensen, Elon, Tim Apple, Larry Fink, Stephen Schwarzmann, Kelly Ortberg (Boeing), Brian Sikes (Cargill), Jane Fraser (Citi), Larry Culp (GE Aerospace), David Solomon (Goldman Sachs), Sanjay Mehrotra (Micron), Cristiano Amon (Qualcomm), and many others journeying to the Great Country of China where I will be asking President Xi, a Leader of extraordinary distinction, to ""open up"" China so that these brilliant people can work their magic, and help bring the People's Republic to an even higher level! In fact, I promise, that when we are together, which will be in a matter of hours, I will make that my very first request. I have never seen or heard of any idea that would be more beneficial to our incredible Countries! President DONALD J. TRUMP",,,
18,116315536925726627,언론·정적 언급,v2,Trump housing chief requests new criminal investigation into Letitia James: https://www.theguardian.com/us-news/2026/mar/25/trump-letitia-james-mortgage-fraud-investigation-referral,,,
19,116918822625387784,기사 헤드라인 공유,v2,"Trump claims military victory, points to economic progress in the wake of first-stage Iran deal: https://www.washingtontimes.com/news/2026/jun/23/trump-claims-military-victory-points-economic-progress-wake-first/",,,
20,117391704369917911,지지 선언,v2,"Chuck Gray has been a tremendous Secretary of State for the Great State of Wyoming, a place I love and WON BIG in 2016, 2020, and 2024!An America First Patriot, and true friend of MAGA, Chuck is now running for Congress, where I know he will continue to do a fantastic job! As your next Congressman, Chuck will fight tirelessly to Grow the Economy, Cut Taxes and Regulations, Support our Amazing Farmers and Ranchers, Promote MADE IN THE U.S.A., Champion American Energy DOMINANCE, Keep our Border SECURE, Stop Migrant Crime, Strengthen our Military/Veterans, Advance Election Integrity, and Defend our always under siege Second Amendment.Chuck Gray has my Complete and Total Endorsement to be the next U.S. Representative from Wyoming — HE WILL NEVER LET YOU DOWN!",,,
21,115078969663814221,지지 선언,v2,"Dan Patrick is a terrific and powerful Lieutenant Governor for the Great State of Texas, a place I truly love. I WON BIG in 2016, 2020, and 2024 (Getting the Highest Number of Votes for any Office in the History of Texas — Such an Honor!). As Texas Chair of our Historic Presidential Campaigns in 2016, 2020, and 2024, Dan has been an incredible friend to our Movement, helping me to WIN BIG in all Primaries and General Elections! Dan's leadership was pivotal in the passage of the new, fair, and much improved, Congressional Map, that will give the wonderful people of Texas the tremendous opportunity to elect 5 new MAGA Republicans in the 2026 Midterm Elections — A HUGE VICTORY for our America First Agenda. In his next Term, Dan will continue to fight tirelessly alongside of us to Secure our already Secure Border, Stop Migrant Crime and the Flow of Illegal Drugs into our Country, Grow the Economy, Cut Taxes and Regulations, Promote MADE IN THE U.S.A., Restore American Energy DOMINANCE, Champion School Choice, Support our Military/Vets, and Strongly Protect our always under siege Second Amendment. A True Friend to MAGA from the very beginning, Dan Patrick has my Complete and Total Endorsement for Re-Election – HE WILL NEVER LET YOU DOWN!",,,
22,116331990038819932,법원·인사 지명,v2,"It is my Honor to nominate Mike Hendershot to serve as Judge on the United States District Court for the Northern District of Ohio! As Chief Deputy State Solicitor, Mike has strongly, and successfully, represented Ohio in Election Law cases, and challenged the Radical Left Policies of the Obama and Biden Administrations. Mike has a J.D. from University of Virginia, a B.A. from Ohio Wesleyan University, and distinguished himself as clerk for Judge Jerry Smith of the Fifth Circuit, and Justice Terrence O'Donnell of the Supreme Court of Ohio. He will be a strong Judge for The Great State of Ohio, which I love, and won big, three times. Congratulations Mike!",,,
23,116278600245530358,범죄·이민 단속,v2,"I am a BIG proponent of ICE wearing masks as they search for, and are forced to deal with, hardened criminals, many of whom were let into our Country by Sleepy Joe Biden and his wonderful ""Border Czar,"" Kamala (she never even went to the Border!), through their absolutely INSANE Open Border Policy. I would greatly appreciate, however, NO MASKS, when helping our Country out of the Democrat caused MESS at the airports, etc. Thank you! President DJT",,,
24,113998503090044390,언론·정적 언급,v2,So sad how people have been tormented by this horrible group!,,,
25,114831433790826577,법원·인사 지명,v2,"It is my Great Honor to nominate William W. Mercer to serve as Judge on the United States District Court for the District of Montana! Bill has TREMENDOUS experience, previously serving at the Department of Justice and, as United States Attorney for the District of Montana. He is STRONG and SMART, will fearlessly uphold the Rule of Law, and defend our Constitution on the Federal Bench. Congratulations Bill!",,,
26,116530659808023358,범죄·이민 단속,v2,New Trump counterterrorism strategy elevates threats from leftist groups like Antifa: https://justthenews.com/government/security/new-trump-counterterrorism-strategy-elevates-threats-leftists-group-antifa,,,
27,116834086981971752,법원·인사 지명,v2,"To show the importance of the Slaughter Case, 90 years of precedent has been COMPLETELY AND UNEQUIVOCALLY OVERRULED, greatly increasing Presidential Power at a time when it is most needed! President DONALD J. TRUMP",,,
28,116043090074364624,관세·무역,v2,"As everyone knows, the Country of Canada has treated the United States very unfairly for decades. Now, things are turning around for the U.S.A., and FAST! But imagine, Canada is building a massive bridge between Ontario and Michigan. They own both the Canada and the United States side and, of course, built it with virtually no U.S. content. President Barack Hussein Obama stupidly gave them a waiver so they could get around the BUY AMERICAN Act, and not use any American products, including our Steel. Now, the Canadian Government expects me, as President of the United States, to PERMIT them to just ""take advantage of America!"" What does the United States of America get — Absolutely NOTHING! Ontario won't even put U.S. spirits, beverages, and other alcoholic products, on their shelves, they are absolutely prohibited from doing so and now, on top of everything else, Prime Minister Carney wants to make a deal with China — which will eat Canada alive. We'll just get the leftovers! I don't think so. The first thing China will do is terminate ALL Ice Hockey being played in Canada, and permanently eliminate The Stanley Cup. The Tariffs Canada charges us for our Dairy products have, for many years, been unacceptable, putting our Farmers at great financial risk. I will not allow this bridge to open until the United States is fully compensated for everything we have given them, and also, importantly, Canada treats the United States with the Fairness and Respect that we deserve. We will start negotiations, IMMEDIATELY. With all that we have given them, we should own, perhaps, at least one half of this asset. The revenues generated because of the U.S. Market will be astronomical. Thank you for your attention to this matter!PRESIDENT DONALD J. TRUMP",,,
29,115641123675257358,백악관 공사,v2,"The Presidential Ballroom, which I am building at the White House, with all private donations and funding (ZERO cost to the American Taxpayer!), will be, at its completion, the most beautiful and spectacular Ballroom anywhere in the World! It is something that has been needed and desired at the White House for over 150 years, but something which no other President was equipped to do — But I am, and as long as we are going to do it, we are going to do it RIGHT. It will be a magnificent addition to the White House, the most important since the building of the West Wing!",,,
30,115124034604820821,공화당·입법,v2,"""Senate Bill that would have turned lost Pacific Palisades homes into affordable housing put on pause"" https://www.foxla.com/news/senate-bill-would-have-turned-lost-pacific-palisades-homes-affordable-housing-put-pause",,,
31,115074852826314245,법원·인사 지명,v2,"I am pleased to nominate Susan Courtwright Rodriguez to serve as Judge on the United States District Court for the Western District of North Carolina. As a Magistrate Judge for the Western District of North Carolina, Susan has served the Great People of her State well and, previously, was a renowned lawyer in private practice. She received her JD from the esteemed Antonin Scalia Law School, at George Mason University, in Washington, D.C., and clerked for the Highly Respected Judge Frank Whitney. Susan's vast experience has prepared her for this new role. She will work tirelessly to restore Law and Order, and protect the Constitution. Congratulations Susan!",,,
32,114717929371967424,공화당·입법,v2,"""Too Late"" Powell complains about costs, much of which were produced by the Biden Fake ""Government,"" but he could do the biggest and best job for our Country by helping to lower Interest Rates and, if he reduced them to the number they should be, 1% to 2%, that ""numbskull"" would be saving the United States of America up to $1 Trillion Dollars per year. I fully understand that my strong criticism of him makes it more difficult for him to do what he should be doing, lowering Rates, but I've tried it all different ways. I've been nice, I've been neutral, and I've been nasty, and nice and neutral didn't work! He's a dumb guy, and an obvious Trump Hater, who should have never been there, I listened to someone that I shouldn't have listened to, and Biden shouldn't have reappointed him. We have virtually No Inflation, our Economy is doing really well, and will soon be doing, with the tremendous Tariff Income coming in, and Factories being built all over the Country, better than it has ever done before. If he was concerned about Inflation or anything else, then all he has to do is bring the Rate down, so we can benefit on Interest Costs, and raise it in the future when and if these ""other elements"" happen (which I doubt they will!).  Don't say that you think there will be Inflation sometime in the future, because there isn't now but, if there is, raise the Rates! We should be at the TOP of the attached List, not the bottom. I don't know why the Board doesn't override this Total and Complete Moron! Maybe, just maybe, I'll have to change my mind about firing him? But regardless, his Term ends shortly!",,,
33,117073704545550738,지지 선언,v2,"Congressman Bryan Steil is a Tremendous Advocate for the Wonderful People of Wisconsin's 1st Congressional District! As the Chair of the House Administration Committee, Bryan is an America First Fighter for Election Integrity. He is working tirelessly to Grow the Economy, Keep our Border SECURE, Strengthen our Military/Vets, Promote American Agriculture and our Incredible Farmers, and Protect our always under siege Second Amendment. Bryan Steil has my Complete and Total Endorsement for Re-Election. Election Day is Tuesday, August 11th. GET OUT AND VOTE FOR BRYAN — HE WILL NEVER LET YOU DOWN! Find your Voting Location here: https://swampthevoteusa.com/wisconsin/",,,
34,115055161214269452,축하·감사,v2,I will be interviewed on Fox & Friends at 8:00 A.M. Enjoy!,,,
35,117306342307545273,축하·감사,v2,Hitting balls with Bryson D.,,,
36,116584623668841124,언론·정적 언급,v2,No games!!! Watch what's next on your favorite subject! President DJT,,,
37,114392937947872770,범죄·이민 단속,v2,THE SOUTHERN BORDER IS NOW THE STRONGEST AND SAFEST IN USA HISTORY. IT WILL REMAIN SO!!!,,,
38,117135361970854867,백악관 공사,v2,"We are grateful for the Decision of the United States Supreme Court. The Military/Ballroom Complex being built on the hallowed grounds of the White House, which is so vital for National Security, will be THE GREATEST OF ITS KIND! It is something that Presidents have wanted for 150 years, and that the Military has been seeking for the last 100 years. Their wish will soon be fulfilled! Construction is under budget and ahead of schedule. Thank you for your attention to this matter! President DONALD J. TRUMP",,,
39,116117644453675365,공화당·입법,v2,"We're Winning too much, it's just not fair! President DJT",,,
40,114609401400916551,관세·무역,v2,"If the Courts somehow rule against us on Tariffs, which is not expected, that would allow other Countries to hold our Nation hostage with their anti-American Tariffs that they would use against us. This would mean the Economic ruination of the United States of America!",,,
41,116004582968645166,기사 헤드라인 공유,v2,"McLaughlin Poll: ICE Hit, But Trump Stays Solid: https://www.newsmax.com/mclaughlin/john-mclaughlin-jim-mclaughlin-poll/2026/01/31/id/1244366/",,,
42,114699610769479275,이란·전쟁 외교,v2,"We know exactly where the so-called ""Supreme Leader"" is hiding. He is an easy target, but is safe there - We are not going to take him out (kill!), at least not for now. But we don't want missiles shot at civilians, or American soldiers. Our patience is wearing thin. Thank you for your attention to this matter!",,,
43,115548785919046772,언론·정적 언급,v2,"Now that the Democrats are using the Epstein Hoax, involving Democrats, not Republicans, to try and deflect from their disastrous SHUTDOWN, and all of their other failures, I will be asking A.G. Pam Bondi, and the Department of Justice, together with our great patriots at the FBI, to investigate Jeffrey Epstein's involvement and relationship with Bill Clinton, Larry Summers, Reid Hoffman, J.P. Morgan, Chase, and many other people and institutions, to determine what was going on with them, and him. This is another Russia, Russia, Russia Scam, with all arrows pointing to the Democrats. Records show that these men, and many others, spent large portions of their life with Epstein, and on his ""Island."" Stay tuned!!!",,,
44,116868243191193043,백악관 공사,v2,"From Greg Wischer at the United States Department of the Interior: ""The Theodore Roosevelt Island National Memorial, with two fountains and a 17-foot statue of Theodore Roosevelt, was just repaired, cleaned, and beautified, after experiencing chronic periods of disrepair.  The fountains were fixed; the statue was cleaned and waxed; and the granite elements were pressure washed. The memorial was dedicated on October 27, 1967–Theodore Roosevelt's 109th birthday. It is the only presidential memorial in Washington, D.C., where the landscape itself serves as the primary tribute to the president—a mature native woodland designed to reflect Roosevelt's conservation legacy.""",,,
45,114548173601756486,백악관 공사,v2,The Golden Dome Missile Defense Shield!,,,
46,116734620855620327,공화당·입법,v2,"Congress passes immigration funding bill, delivering major win for Trump after Democrat antics: https://justthenews.com/politics-policy/congress-passes-ice-border-patrol-funding-bill",,,
47,114071893306050761,이란·전쟁 외교,v2,"I'm very disappointed...four bodies came in today...We got a lot of hostages back, but it's very sad what happened to those people...This is a vicious group of people, and Israel's going to have to decide what they're doing…",,,
48,115056914674717313,백악관 공사,v2,"The Museums throughout Washington, but all over the Country are, essentially, the last remaining segment of ""WOKE."" The Smithsonian is OUT OF CONTROL, where everything discussed is how horrible our Country is, how bad Slavery was, and how unaccomplished the downtrodden have been — Nothing about Success, nothing about Brightness, nothing about the Future. We are not going to allow this to happen, and I have instructed my attorneys to go through the Museums, and start the exact same process that has been done with Colleges and Universities where tremendous progress has been made. This Country cannot be WOKE, because WOKE IS BROKE. We have the ""HOTTEST"" Country in the World, and we want people to talk about it, including in our Museums.",,,
49,115492078911838554,언론·정적 언급,v2,"Wow! Joe Scarborough's Television Ratings are really bad. They have gone, as they say, ""down the tubes,"" as has the rest of MSNBC. It's a beautiful thing to watch! President DJT",,,
50,116936972968744613,관세·무역,v2,"For decades, horrible politicians allowed our Industrial Base to move overseas. Their Trade Policies encouraged Companies to find the cheapest Labor, and build the Products we invented across Asia. When I took Office, we didn't build Leading Edge Semiconductor Chips here in America. American Trade Policy was broken and, the results, disastrous.  Now, TSMC, the largest Leading Edge Semiconductor Chip Manufacturer in the World, has announced an additional 100 Billion Dollar Investment in their Semiconductor Fabrication Factories in Arizona. That brings their total commitment to build Chips in America to a record 265 Billion Dollars. My Trade Policies and Trade Deals are accomplishing exactly what I said they would. From Automobiles, Pharmaceuticals, to Semiconductors, and everything across our Economy, the Trump Administration is bringing Advanced Manufacturing home to America. This is what SUCCESS feels like! Massive Hiring, massive Construction, massive Investment — Welcome to the Golden Age of America, where we invite everybody to come and build in America — and remember, if you do so, there are NO TARIFFS! President DONALD J. TRUMP",,,
